hotel,price,score,avg review,reviews count,address,room_type,bed_type,extra_charges,hotel_rating,number_of_nights,number_of_adult,actual_price,breakfast_included,free_cancellation,checkin,checkout,amenities
Hotel Paradise International - 5 min from Delhi Airport,"₹ 1,439",9.7,Exceptional,7,"Mahipalpur, New Delhi",Deluxe Room,1 double bed,+₹ 173 taxes and charges,3,1 night, 2 adults,"₹ 2,399",False,True,2023-11-07,2023-11-08,"Free parking, Air conditioning, Breakfast"
Hotel Lotus Paradise,"₹ 2,519",7.2,Good,352,Sonīpat,Deluxe Double Room with Balcony,1 extra-large double bed,+₹ 302 taxes and charges,3,1 night, 2 adults,"₹ 2,519",False,False,2023-11-07,2023-11-08,"Indoor swimming pool, Airport shuttle, Non-smoking rooms, Room service, Family rooms, Free parking, Free WiFi, Superb breakfast"
Neemrana's - Tijara Fort Palace,"₹ 8,500",8.4,Very good,260,Tijāra,Heritage Comfort,1 double bed,"+₹ 1,530 taxes and charges",4,1 night, 2 adults,"₹ 8,500",True,True,2023-11-07,2023-11-08,"Outdoor swimming pool, Free parking, Restaurant, Non-smoking rooms, Free WiFi, Spa and wellness centre, Tea/coffee maker in all rooms, Very good breakfast"
Lime Tree Hotel and Banquet Greater Noida,"₹ 20,000",7.7,Good,96,Greater Noida,Superior King Room,1 extra-large double bed,"+₹ 3,600 taxes and charges",4,1 night, 2 adults,"₹ 20,000",False,True,2023-11-07,2023-11-08,"Non-smoking rooms, Room service, Restaurant, Free parking, Free WiFi"
Neemrana's - Hill Fort - Kesroli,"₹ 8,500",8.0,Very good,210,Alwar,Heritage Romance,1 extra-large double bed,"+₹ 1,530 taxes and charges",4,1 night, 2 adults,"₹ 8,500",True,True,2023-11-07,2023-11-08,"Outdoor swimming pool, Restaurant, Non-smoking rooms, Family rooms, Spa and wellness centre, Free parking, Free WiFi, Tea/coffee maker in all rooms, Bar, Very good breakfast"
Hotel Royal 9,"₹ 3,645",8.3,Very good,20,Meerut,Superior Double Room,1 extra-large double bed,+₹ 437 taxes and charges,0,1 night, 2 adults,"₹ 4,050",False,True,2023-11-07,2023-11-08,"Non-smoking rooms, Room service, Free parking, Free WiFi, Tea/coffee maker in all rooms, Breakfast"
The Red York,"₹ 3,649",7.9,Good,226,Noida,Deluxe Room,1 double bed,+₹ 438 taxes and charges,3,1 night, 2 adults,"₹ 3,649",False,True,2023-11-07,2023-11-08,"Airport shuttle, Non-smoking rooms, Room service, Restaurant, Family rooms, Free parking, Facilities for disabled guests, Tea/coffee maker in all rooms, Breakfast"
"Radisson Blu Hotel, Greater Noida","₹ 20,399",7.3,Good,820,Greater Noida,Superior Double or Twin Room,Multiple bed types,"+₹ 3,672 taxes and charges",5,1 night, 2 adults,"₹ 20,399",True,False,2023-11-07,2023-11-08,"Outdoor swimming pool, Non-smoking rooms, Room service, Spa and wellness centre, Restaurant, Fitness centre, Free parking, Tea/coffee maker in all rooms, Bar, Good breakfast"
Avanti Retreat- Farm Stay,"₹ 5,400",8.2,Very good,21,Dera Māndi,One-Bedroom Chalet,1 large double bed,+₹ 648 taxes and charges,0,1 night, 2 adults,"₹ 5,400",True,True,2023-11-07,2023-11-08,"Indoor swimming pool, Non-smoking rooms, Room service, Spa and wellness centre, Family rooms, Free parking, Free WiFi, Tea/coffee maker in all rooms, Breakfast"
Hotel Manvi - Faridabad Sec 91,"₹ 1,350",10,Exceptional,2,Indraprast,Deluxe Double Room (2 Adults + 1 Child),1 double bed,+₹ 162 taxes and charges,3,1 night, 2 adults,"₹ 1,350",False,True,2023-11-07,2023-11-08,"Non-smoking rooms, Room service, Family rooms, Free WiFi"
"THE SINGH EMPIRE, New Delhi","₹ 3,188",8.0,Very good,"1,166","Paharganj, New Delhi",Deluxe Double or Twin Room,Beds: 1 double or 2 singles,+₹ 382 taxes and charges,4,1 night, 2 adults,"₹ 3,188",False,True,2023-11-07,2023-11-08,"Airport shuttle, Non-smoking rooms, Room service, Spa and wellness centre, Restaurant, Family rooms, Fitness centre, Tea/coffee maker in all rooms, Bar, Good breakfast"
Hotel Black Stone - Vasundhara - Near Vaishali Metro,"₹ 1,599",8.0,Very good,21,Ghaziabad,Deluxe Double Room (2 Adults + 1 Child),1 double bed,+₹ 192 taxes and charges,3,1 night, 2 adults,"₹ 1,599",False,True,2023-11-07,2023-11-08,"Airport shuttle, Non-smoking rooms, Room service, Family rooms, Free parking, Free WiFi"
Hotel Tripple Tree - Karol Bagh,"₹ 5,939",8.0,Very good,225,"Karol bagh, New Delhi",Deluxe Double Room,1 large double bed,+₹ 713 taxes and charges,4,1 night, 2 adults,"₹ 5,939",True,True,2023-11-07,2023-11-08,"Airport shuttle, Non-smoking rooms, Room service, Restaurant, Family rooms, Free parking, Free WiFi, 24-hour front desk, Tea/coffee maker in all rooms, Good breakfast"
Saltstayz - Sohna Road,"₹ 3,060",8.6,Fabulous,111,"Sector 40 - 44, Gurgaon",Deluxe Room,1 double bed,+₹ 367 taxes and charges,3,1 night, 2 adults,"₹ 3,060",True,True,2023-11-07,2023-11-08,"Non-smoking rooms, Room service, Free parking, Free WiFi, Good breakfast"
The Vivaan Hotel & Resorts,"₹ 12,099",7.3,Good,61,Karnāl,Standard Double Room,1 large double bed,"+₹ 2,178 taxes and charges",0,1 night, 2 adults,"₹ 12,099",False,True,2023-11-07,2023-11-08,"Non-smoking rooms, Room service, Restaurant, Free parking, Facilities for disabled guests, Free WiFi, Bar, Breakfast"
Flora Residency,"₹ 2,551",7.5,Good,386,"Sector 40 - 44, Gurgaon",Double or Twin Room,1 extra-large double bed,+₹ 306 taxes and charges,3,1 night, 2 adults,"₹ 2,551",True,True,2023-11-07,2023-11-08,"Airport shuttle (free), Non-smoking rooms, Room service, Restaurant, Free parking, Facilities for disabled guests, Free WiFi, 24-hour front desk, Good breakfast"
Radisson Blu Towers Kaushambi Delhi NCR,"₹ 6,749",7.5,Good,"1,635",Ghaziabad,Superior Room,Multiple bed types,+₹ 810 taxes and charges,5,1 night, 2 adults,"₹ 6,749",False,True,2023-11-07,2023-11-08,"Outdoor swimming pool, Airport shuttle, Room service, Restaurant, Family rooms, Fitness centre, Free parking, Tea/coffee maker in all rooms, Bar, Good breakfast"
Neemrana Fort-Palace,"₹ 9,000",7.5,Good,709,Neemrana,Heritage Romance Room,1 double bed,"+₹ 1,620 taxes and charges",4,1 night, 2 adults,"₹ 9,000",True,True,2023-11-07,2023-11-08,NA
Noormahal Palace Hotel,"₹ 23,850",6.7,Review score,65,Karnāl,Club Double Room,1 double bed,"+₹ 4,293 taxes and charges",5,1 night, 2 adults,"₹ 23,850",False,True,2023-11-07,2023-11-08,"Outdoor swimming pool, Airport shuttle, Non-smoking rooms, Room service, Spa and wellness centre, Restaurant, Fitness centre, Free parking, Bar, Very good breakfast"
Radisson Blu Faridabad,"₹ 14,499",7.6,Good,745,Faridabad,Superior Double or Twin Room - 15% Dis on FnB,Beds: 1 double or 2 singles,"+₹ 2,610 taxes and charges",5,1 night, 2 adults,"₹ 14,499",False,True,2023-11-07,2023-11-08,"Outdoor swimming pool, Airport shuttle, Non-smoking rooms, Room service, Spa and wellness centre, Restaurant, Fitness centre, Tea/coffee maker in all rooms, Bar, Good breakfast"
"Crowne Plaza Greater Noida, an IHG Hotel","₹ 9,055",8.0,Very good,731,Greater Noida,Standard King Bed Smoking,1 extra-large double bed,"+₹ 1,630 taxes and charges",5,1 night, 2 adults,"₹ 9,055",False,False,2023-11-07,2023-11-08,"Outdoor swimming pool, Non-smoking rooms, Room service, Spa and wellness centre, Restaurant, Family rooms, Fitness centre, Tea/coffee maker in all rooms, Bar, Very good breakfast"
Days Hotel Neemrana,"₹ 2,975",6.9,Review score,147,Neemrana,Premium King Room,1 double bed,+₹ 357 taxes and charges,3,1 night, 2 adults,"₹ 2,975",True,True,2023-11-07,2023-11-08,"Indoor swimming pool, Airport shuttle, Spa and wellness centre, Room service, Non-smoking rooms, Restaurant, Family rooms, Fitness centre, Bar, Breakfast"
Courtyard by Marriott Aravali Resort,"₹ 20,000",8.9,Fabulous,46,Faridabad,Deluxe King Room with Balcony,Beds: 1 double or 2 singles,"+₹ 3,600 taxes and charges",5,1 night, 2 adults,"₹ 20,000",True,True,2023-11-07,2023-11-08,"Outdoor swimming pool, Non-smoking rooms, Room service, Spa and wellness centre, Restaurant, Family rooms, Fitness centre, Tea/coffee maker in all rooms, Bar, Breakfast"
Hotel Smart Plaza Delhi Airport,"₹ 2,880",7.5,Good,"3,833","South West, New Delhi",Deluxe Double Room,1 double bed,+₹ 346 taxes and charges,4,1 night, 2 adults,"₹ 2,880",False,True,2023-11-07,2023-11-08,"Airport shuttle, Non-smoking rooms, Room service, Restaurant, Family rooms, Free parking, Free WiFi, 24-hour front desk, Laundry, Breakfast"
Avatar Living @Safdarjung Enclave,"₹ 6,804",8.9,Fabulous,277,"Safdarjung Enclave, New Delhi",Deluxe Double Room,1 large double bed,+₹ 816 taxes and charges,0,1 night, 2 adults,"₹ 6,804",True,True,2023-11-07,2023-11-08,"Airport shuttle (free), Non-smoking rooms, Room service, Family rooms, Free parking, Free WiFi, 24-hour front desk, Laundry, Daily housekeeping, Tea/coffee maker in all rooms"
The Dadhikar Fort Hotel,"₹ 13,196",7.5,Good,53,Alwar,Deluxe Room,1 double bed,"+₹ 2,375 taxes and charges",4,1 night, 2 adults,"₹ 13,890",True,True,2023-11-07,2023-11-08,"Airport shuttle, Non-smoking rooms, Family rooms, Free parking, Very good breakfast"
Radisson Blu Kaushambi Delhi NCR,"₹ 6,749",7.2,Good,548,Ghaziabad,Superior Double or Twin Room,Multiple bed types,+₹ 810 taxes and charges,5,1 night, 2 adults,"₹ 6,749",False,True,2023-11-07,2023-11-08,"Outdoor swimming pool, Non-smoking rooms, Room service, Restaurant, Family rooms, Fitness centre, Free parking, Tea/coffee maker in all rooms, Bar, Very good breakfast"
Hotel Clayton near IGI airport Delhi,"₹ 1,320",7.5,Good,155,"South West, New Delhi",Double Room,1 double bed,+₹ 158 taxes and charges,4,1 night, 2 adults,"₹ 3,299",True,True,2023-11-07,2023-11-08,"Non-smoking rooms, Room service, Spa and wellness centre, Family rooms, Free parking, Free WiFi, 24-hour front desk, Bar, Tea/coffee maker in all rooms, Superb breakfast"
"Holiday Inn New Delhi International Airport, an IHG Hotel","₹ 9,068",7.8,Good,"5,509","South West, New Delhi",One King Bed Standard- Non-Smoking,1 extra-large double bed,"+₹ 1,632 taxes and charges",5,1 night, 2 adults,"₹ 9,068",False,False,2023-11-07,2023-11-08,"Outdoor swimming pool, Non-smoking rooms, Room service, Spa and wellness centre, Restaurant, Fitness centre, Free parking, Tea/coffee maker in all rooms, Bar, Good breakfast"
Saltstayz Le Icon - Cyber Hub,"₹ 4,361",8.9,Fabulous,133,"DLF Cyber City, Gurgaon",Deluxe Room,1 extra-large double bed,+₹ 523 taxes and charges,3,1 night, 2 adults,"₹ 4,361",True,True,2023-11-07,2023-11-08,"Airport shuttle (free), Non-smoking rooms, Room service, Restaurant, Family rooms, Free parking, Free WiFi, 24-hour front desk, Tea/coffee maker in all rooms, Superb breakfast"
Hotel Admire Inn By F9 Hotels,"₹ 2,699",8.0,Very good,269,Ghaziabad,Deluxe Double Room,1 extra-large double bed,+₹ 324 taxes and charges,3,1 night, 2 adults,"₹ 2,699",False,True,2023-11-07,2023-11-08,"Room service, Restaurant, Free parking, Free WiFi, Superb breakfast"
Park Plaza Faridabad,"₹ 8,000",7.0,Good,309,Faridabad,Superior Double or Twin Room,Beds: 1 double or 2 singles,"+₹ 1,440 taxes and charges",4,1 night, 2 adults,"₹ 8,000",False,True,2023-11-07,2023-11-08,"Outdoor swimming pool, Non-smoking rooms, Room service, Spa and wellness centre, Restaurant, Fitness centre, Free parking, Facilities for disabled guests, Bar, Good breakfast"
Novotel New Delhi Aerocity- International Airport,"₹ 20,500",7.7,Good,"5,342","South West, New Delhi",Standard King Room with WiFi,1 double bed,"+₹ 3,690 taxes and charges",5,1 night, 2 adults,"₹ 20,500",False,True,2023-11-07,2023-11-08,"Outdoor swimming pool, Non-smoking rooms, Room service, Spa and wellness centre, Restaurant, Family rooms, Fitness centre, Free parking, Bar, Very good breakfast"
Radisson Blu Plaza Delhi Airport,"₹ 14,490",8.1,Very good,"5,625","Mahipalpur, New Delhi",Superior Room with Happy Hours 03:00 PM to 06:00 PM 1+1 & Free Pick up and drop to Worldmark Aerocity (subject to car availability),Beds: 1 double or 2 singles,"+₹ 3,333 taxes and charges",5,1 night, 2 adults,"₹ 14,490",False,True,2023-11-07,2023-11-08,"Outdoor swimming pool, Airport shuttle, Non-smoking rooms, Room service, Spa and wellness centre, Restaurant, Family rooms, Tea/coffee maker in all rooms, Bar, Very good breakfast"
Hindustan- by Backpackers Heaven,"₹ 2,159",7.6,Good,"1,217","Paharganj, New Delhi",Deluxe Twin Room,1 single bed,+₹ 259 taxes and charges,4,1 night, 2 adults,"₹ 2,159",False,True,2023-11-07,2023-11-08,"Non-smoking rooms, Room service, Family rooms, Free parking, Free WiFi, Terrace, Laundry, Daily housekeeping, Air conditioning"
"Hotel Abhinandan, Panipat","₹ 1,620",6.3,Review score,6,Pānīpat,Deluxe Room,"2 beds (1 double, 1 futon)",+₹ 194 taxes and charges,4,1 night, 2 adults,"₹ 1,620",False,True,2023-11-07,2023-11-08,"Restaurant, Room service, Free parking, Breakfast"
"Staybook - Hotel Jyoti Mahal New Delhi Railway Station, Paharganj","₹ 5,499",8.0,Very good,98,"Paharganj, New Delhi",Deluxe Double Room,1 double bed,+₹ 660 taxes and charges,4,1 night, 2 adults,"₹ 5,499",False,True,2023-11-07,2023-11-08,"Indoor swimming pool, Airport shuttle, Non-smoking rooms, Room service, Restaurant, Family rooms, Free parking, Facilities for disabled guests, Free WiFi, Breakfast"
House of Comfort Greater Noida,"₹ 3,598",8.9,Fabulous,226,Greater Noida,Superior King Room,1 extra-large double bed,+₹ 432 taxes and charges,0,1 night, 2 adults,"₹ 3,598",False,True,2023-11-07,2023-11-08,"Non-smoking rooms, Restaurant, Family rooms, Free parking, Free WiFi"
Premium Residency - Sector 15,"₹ 1,349",3.3,Review score,6,Noida,Deluxe Double Room (2 Adults + 1 Child),1 double bed,+₹ 162 taxes and charges,3,1 night, 2 adults,"₹ 1,349",False,True,2023-11-07,2023-11-08,"Non-smoking rooms, Room service, Family rooms, Free WiFi"
SaltStayz Sector 39 - Subhash Chowk,"₹ 2,907",8.4,Very good,86,"Sector 40 - 44, Gurgaon",Double Room with Balcony,1 extra-large double bed,+₹ 349 taxes and charges,3,1 night, 2 adults,"₹ 2,907",True,True,2023-11-07,2023-11-08,"Non-smoking rooms, Room service, Free parking, Free WiFi, 24-hour front desk, Very good breakfast"
Utsav Camp Sariska,"₹ 14,500",8.2,Very good,21,Tehla,Superior Double Room,1 double bed,"+₹ 2,610 taxes and charges",3,1 night, 2 adults,"₹ 14,500",True,True,2023-11-07,2023-11-08,"Outdoor swimming pool, Free parking, Restaurant, Non-smoking rooms, Free WiFi, Breakfast"
"Holiday Inn Gurugram Sector 90, an IHG Hotel","₹ 6,795",7.5,Good,"1,068",Gurgaon,STANDARD ROOM NS WITH 10% DISC ON F&B,Beds: 1 double or 2 singles,+₹ 815 taxes and charges,5,1 night, 2 adults,"₹ 6,795",False,False,2023-11-07,2023-11-08,"Outdoor swimming pool, Non-smoking rooms, Room service, Restaurant, Family rooms, Fitness centre, Free parking, Facilities for disabled guests, Tea/coffee maker in all rooms, Very good breakfast"
Hotel Grand Tushar-Ghaziabad Railway Station,"₹ 1,169",7.8,Good,86,Ghaziabad,Double Room with Private Bathroom,1 extra-large double bed,+₹ 140 taxes and charges,3,1 night, 2 adults,"₹ 1,799",False,True,2023-11-07,2023-11-08,"Non-smoking rooms, Room service, Family rooms, Free parking, Fabulous breakfast"
Ramada Neemrana,"₹ 4,750",6.4,Review score,248,Neemrana,King Room - Non-Smoking,1 double bed,+₹ 570 taxes and charges,4,1 night, 2 adults,"₹ 4,750",True,True,2023-11-07,2023-11-08,"Room service, Non-smoking rooms, Restaurant, Family rooms, Fitness centre, Facilities for disabled guests, Free parking, Tea/coffee maker in all rooms, Bar, Breakfast"
OYO Mide Highway Hotel & Restaurant,"₹ 2,586",5.5,Review score,2,Khurja,Standard Double Room,1 large double bed,+₹ 334 taxes and charges,3,1 night, 2 adults,"₹ 3,978",True,True,2023-11-07,2023-11-08,Room service
The Gateway Resort Damdama Lake,"₹ 18,000",7.5,Good,393,Gurgaon,Superior Resort Room Courtyard View Twin Bed,1 single bed,"+₹ 3,240 taxes and charges",5,1 night, 2 adults,"₹ 18,000",True,True,2023-11-07,2023-11-08,"Non-smoking rooms, Room service, Spa and wellness centre, Restaurant, Family rooms, Fitness centre, Free parking, Facilities for disabled guests, Bar, Good breakfast"
"Taj Palace, New Delhi","₹ 18,000",8.6,Fabulous,"3,936","Chanakyapuri, New Delhi","Superior Room, Queen Bed",1 large double bed,"+₹ 3,240 taxes and charges",5,1 night, 2 adults,"₹ 18,000",True,True,2023-11-07,2023-11-08,"Outdoor swimming pool, Airport shuttle, Non-smoking rooms, Room service, Spa and wellness centre, Restaurant, Family rooms, Tea/coffee maker in all rooms, Bar, Very good breakfast"
Aloft New Delhi Aerocity,"₹ 14,450",8.2,Very good,"2,804","South West, New Delhi","2 Twin/Single Beds, City View, Aloft Room",2 single beds,"+₹ 2,601 taxes and charges",5,1 night, 2 adults,"₹ 14,450",False,True,2023-11-07,2023-11-08,"Outdoor swimming pool, Non-smoking rooms, Room service, Spa and wellness centre, Restaurant, Fitness centre, Free parking, Tea/coffee maker in all rooms, Bar, Very good breakfast"
The Leela Palace New Delhi,"₹ 29,000",9.0,Superb,795,"South Delhi, New Delhi",Premiere Room,1 extra-large double bed,"+₹ 5,220 taxes and charges",5,1 night, 2 adults,"₹ 29,000",False,True,2023-11-07,2023-11-08,"Outdoor swimming pool, Non-smoking rooms, Room service, Spa and wellness centre, Restaurant, Fitness centre, Free parking, Facilities for disabled guests, Bar, Fabulous breakfast"
The Leela Ambience Gurugram Hotel & Residences,"₹ 24,000",8.8,Fabulous,"1,640","DLF Cyber City, Gurgaon",Deluxe King Room,1 extra-large double bed,"+₹ 4,320 taxes and charges",5,1 night, 2 adults,"₹ 24,000",False,True,2023-11-07,2023-11-08,"Outdoor swimming pool, Airport shuttle, Non-smoking rooms, Room service, Spa and wellness centre, Restaurant, Family rooms, Fitness centre, Bar, Fabulous breakfast"
FabExpress Indraprastha,"₹ 3,340",7.9,Good,10,"East Delhi, New Delhi",Deluxe Room,1 large double bed,+₹ 401 taxes and charges,3,1 night, 2 adults,"₹ 3,340",False,True,2023-11-07,2023-11-08,"Free parking, Free WiFi"
Saltstayz Grand Sky - Unitech Cyber Park,"₹ 5,355",9.4,Superb,81,"Sector 40 - 44, Gurgaon",Studio with Balcony,Entire studio • 1 bathroom • 1 kitchen • 41m²,+₹ 643 taxes and charges,4,1 night, 2 adults,"₹ 5,355",True,True,2023-11-07,2023-11-08,"Room service, Restaurant, Free parking, Free WiFi, 24-hour front desk, Tea/coffee maker in all rooms, Exceptional breakfast"
The Westin Sohna Resort & Spa,"₹ 20,500",8.4,Very good,394,Gurgaon,"Premier Room, Guest room, 1 King, Garden view",1 extra-large double bed,"+₹ 3,690 taxes and charges",5,1 night, 2 adults,"₹ 20,500",True,True,2023-11-07,2023-11-08,"2 swimming pools, Non-smoking rooms, Room service, Spa and wellness centre, Restaurant, Family rooms, Fitness centre, Tea/coffee maker in all rooms, Bar, Very good breakfast"
Hotel Sakura by Maps,"₹ 3,639",7.4,Good,80,"Sector 40 - 44, Gurgaon",Standard Double Room,1 double bed,+₹ 437 taxes and charges,4,1 night, 2 adults,"₹ 3,639",False,False,2023-11-07,2023-11-08,"Outdoor swimming pool, Non-smoking rooms, Room service, Restaurant, Free parking, Free WiFi, 24-hour front desk, Tea/coffee maker in all rooms, Breakfast"
Hyatt Regency Delhi,"₹ 16,200",7.7,Good,"2,202","South Delhi, New Delhi",Twin Room,2 single beds,"+₹ 3,872 taxes and charges",5,1 night, 2 adults,"₹ 16,200",False,True,2023-11-07,2023-11-08,"2 swimming pools, Non-smoking rooms, Room service, Spa and wellness centre, Restaurant, Family rooms, Fitness centre, Tea/coffee maker in all rooms, Bar, Good breakfast"
Pullman New Delhi Aerocity- International Airport,"₹ 24,350",8.2,Very good,"2,461","South West, New Delhi","Deluxe King Room with Bathtub ,Free WiFi",1 large double bed,"+₹ 4,383 taxes and charges",5,1 night, 2 adults,"₹ 24,350",True,True,2023-11-07,2023-11-08,"Outdoor swimming pool, Non-smoking rooms, Room service, Spa and wellness centre, Restaurant, Family rooms, Fitness centre, Free parking, Bar, Very good breakfast"
Hotel namo,₹ 624,8.0,Very good,48,Alwar,Deluxe Double Room,1 double bed,+₹ 75 taxes and charges,0,1 night, 2 adults,₹ 624,False,True,2023-11-07,2023-11-08,"Non-smoking rooms, Room service, Family rooms, Free parking, Free WiFi, Tea/coffee maker in all rooms"
Sandal Suites by Lemon Tree Hotels,"₹ 12,549",7.4,Good,302,Noida,Standard Twin Room,2 large double beds,"+₹ 3,740 taxes and charges",5,1 night, 2 adults,"₹ 12,549",False,True,2023-11-07,2023-11-08,"Non-smoking rooms, Room service, Family rooms, Free parking, Facilities for disabled guests, Free WiFi, Tea/coffee maker in all rooms, Good breakfast"
"Crowne Plaza New Delhi Mayur Vihar Noida, an IHG Hotel","₹ 17,849",8.2,Very good,"2,190","Mayur Vihar Phase 1, New Delhi",Superior King or Twin Room with 4 pints beer and 15% off on Food & Soft Beverages and SPA,Beds: 1 double or 2 singles,"+₹ 3,213 taxes and charges",5,1 night, 2 adults,"₹ 17,849",False,False,2023-11-07,2023-11-08,"Outdoor swimming pool, Airport shuttle, Non-smoking rooms, Room service, Spa and wellness centre, Restaurant, Fitness centre, Free parking, Bar, Good breakfast"
The Gaurs Sarovar Portico,"₹ 7,649",7.4,Good,80,Ghaziabad,Deluxe Room 2 Single Beds,NA,"+₹ 1,377 taxes and charges",4,1 night, 2 adults,"₹ 7,649",False,True,2023-11-07,2023-11-08,"Outdoor swimming pool, Airport shuttle, Non-smoking rooms, Room service, Restaurant, Family rooms, Fitness centre, Free parking, Free WiFi, Breakfast"
Shri Radha Brij Vasundhara Resort & Spa,"₹ 5,450",9.0,Superb,16,Govardhan,One-Bedroom Cottage,1 double bed,+₹ 654 taxes and charges,4,1 night, 2 adults,"₹ 5,450",True,True,2023-11-07,2023-11-08,"2 swimming pools, Restaurant, Non-smoking rooms, Room service, Family rooms, Spa and wellness centre, Free parking, Fitness centre, Free WiFi, Breakfast"
Aadvan Farmhouse,"₹ 9,450",NA,NA,NA,Sohna,Double Room with Balcony,"4 beds (2 doubles, 2 large doubles)","+₹ 1,701 taxes and charges",0,1 night, 2 adults,"₹ 9,450",True,True,2023-11-07,2023-11-08,"Swimming Pool, Free parking, Free WiFi"
The Prime Delhi,"₹ 4,050",8.3,Very good,"1,563","Paharganj, New Delhi",Superior Double or Twin Room,Multiple bed types,+₹ 486 taxes and charges,4,1 night, 2 adults,"₹ 4,500",False,True,2023-11-07,2023-11-08,"Airport shuttle, Non-smoking rooms, Room service, Restaurant, Family rooms, Fitness centre, Free parking, Facilities for disabled guests, Tea/coffee maker in all rooms, Very good breakfast"
"Holiday Inn New Delhi Mayur Vihar Noida, an IHG Hotel","₹ 12,199",7.5,Good,"1,918","Mayur Vihar Phase 1, New Delhi",1 KING BED STANDARD SMOKING,1 extra-large double bed,"+₹ 2,196 taxes and charges",5,1 night, 2 adults,"₹ 12,199",False,False,2023-11-07,2023-11-08,"Outdoor swimming pool, Airport shuttle, Non-smoking rooms, Room service, Restaurant, Family rooms, Fitness centre, Tea/coffee maker in all rooms, Bar, Good breakfast"
The Lodgers 1 BHK Serviced Apartment Golf Course Road Gurgaon,"₹ 14,239",9.7,Exceptional,63,"Golf Course Road, Gurgaon",One-Bedroom Apartment,"2 beds (1 double, 1 sofa bed)","+₹ 2,563 taxes and charges",0,1 night, 2 adults,"₹ 15,999",False,True,2023-11-07,2023-11-08,"Airport shuttle, Non-smoking rooms, Room service, Family rooms, Free parking, Facilities for disabled guests, Free WiFi, 24-hour front desk"
Park Inn By Radisson Gurgaon Bilaspur,"₹ 4,999",7.6,Good,277,Manesar,Superior Double or Twin Room,Beds: 1 double or 2 singles,+₹ 600 taxes and charges,4,1 night, 2 adults,"₹ 4,999",False,False,2023-11-07,2023-11-08,"Outdoor swimming pool, Airport shuttle, Non-smoking rooms, Room service, Spa and wellness centre, Restaurant, Family rooms, Fitness centre, Free parking, Breakfast"
"Ambassador, New Delhi - IHCL SeleQtions","₹ 15,500",7.7,Good,964,"Central Delhi, New Delhi","Superior Room Queen Bed with 15% off on Food and Soft Beverages, Happy Hours (Buy 1 & Get 1) on select menu at InSomnia",1 large double bed,"+₹ 2,790 taxes and charges",5,1 night, 2 adults,"₹ 15,500",False,True,2023-11-07,2023-11-08,"Airport shuttle, Non-smoking rooms, Room service, Spa and wellness centre, Restaurant, Fitness centre, Free parking, Tea/coffee maker in all rooms, Bar, Very good breakfast"
Radisson Gurugram Udyog Vihar,"₹ 12,600",7.5,Good,"1,420","Udyog Vihar, Gurgaon",Superior Room with 1+1 IMFL at The Brew Bar,Beds: 1 double or 2 singles,"+₹ 2,268 taxes and charges",5,1 night, 2 adults,"₹ 12,600",False,True,2023-11-07,2023-11-08,"Outdoor swimming pool, Airport shuttle, Non-smoking rooms, Room service, Spa and wellness centre, Restaurant, Family rooms, Fitness centre, Bar, Good breakfast"
"Vivanta New Delhi, Dwarka","₹ 11,800",8.1,Very good,"2,506","Dwarka, New Delhi",Superior Room City View King Bed,1 extra-large double bed,"+₹ 2,124 taxes and charges",5,1 night, 2 adults,"₹ 11,800",False,True,2023-11-07,2023-11-08,"2 swimming pools, Non-smoking rooms, Room service, Spa and wellness centre, Restaurant, Fitness centre, Private parking, Facilities for disabled guests, Bar, Very good breakfast"
Olive Service Apartments - City Centre Noida,"₹ 8,027",8.9,Fabulous,55,Noida,Apartment with Terrace,1 extra-large double bed,"+₹ 1,445 taxes and charges",0,1 night, 2 adults,"₹ 8,027",False,True,2023-11-07,2023-11-08,"Non-smoking rooms, Room service, Family rooms, Fitness centre, Free parking, Free WiFi, Tea/coffee maker in all rooms"
The Grand Barso (A Luxury Heritage),"₹ 4,600",6.6,Review score,11,Bharatpur,Double Room with Garden View,1 extra-large double bed,+₹ 552 taxes and charges,0,1 night, 2 adults,"₹ 4,600",False,True,2023-11-07,2023-11-08,"Restaurant, Non-smoking rooms, Room service, Free parking, Breakfast"
Hotel Emporio Near New Delhi Railway Station,₹ 945,7.4,Good,"1,252","Paharganj, New Delhi",Day Use Room For 6 hours Strictly From (12 PM to 6 PM),1 double bed,+₹ 113 taxes and charges,3,1 night, 2 adults,₹ 945,False,True,2023-11-07,2023-11-08,"Airport shuttle, Non-smoking rooms, Room service, Family rooms, Free WiFi, 24-hour front desk, Laundry, Daily housekeeping, Air conditioning, Superb breakfast"
Roseate House New Delhi,"₹ 19,824",7.9,Good,"1,349","South West, New Delhi",Deluxe Room,Multiple bed types,"+₹ 3,568 taxes and charges",5,1 night, 2 adults,"₹ 19,824",False,True,2023-11-07,2023-11-08,"Outdoor swimming pool, Airport shuttle, Non-smoking rooms, Room service, Spa and wellness centre, Restaurant, Fitness centre, Free parking, Bar, Good breakfast"
Saltstayz Hotel Huda City Center,"₹ 2,253",8.6,Fabulous,189,Gurgaon,Deluxe Room,1 extra-large double bed,+₹ 270 taxes and charges,3,1 night, 2 adults,"₹ 2,253",True,True,2023-11-07,2023-11-08,"Airport shuttle (free), Non-smoking rooms, Room service, Restaurant, Family rooms, Free parking, Free WiFi, 24-hour front desk, Very good breakfast"
Treebo Trend Torque,"₹ 6,232",8.0,Very good,23,Greater Noida,Standard Double Room,1 large double bed,+₹ 748 taxes and charges,3,1 night, 2 adults,"₹ 7,790",True,True,2023-11-07,2023-11-08,"Non-smoking rooms, Room service, Restaurant, Family rooms, Free parking, Free WiFi, Good breakfast"
"Welcomhotel by ITC Hotels, Dwarka, New Delhi","₹ 12,800",7.0,Good,"2,795","Dwarka, New Delhi",Deluxe Double Room,1 large double bed,"+₹ 2,304 taxes and charges",5,1 night, 2 adults,"₹ 12,800",False,True,2023-11-07,2023-11-08,"Outdoor swimming pool, Airport shuttle, Non-smoking rooms, Room service, Restaurant, Fitness centre, Free parking, Facilities for disabled guests, Bar, Good breakfast"
The Vanaashrya Sariska,"₹ 9,976",8.3,Very good,174,Tehla,Luxury Cottage,Entire bungalow • 1 bathroom • 60m²,"+₹ 1,796 taxes and charges",4,1 night, 2 adults,"₹ 9,976",True,True,2023-11-07,2023-11-08,"Free parking, Restaurant, Non-smoking rooms, Bar, Good breakfast"
Taj City Centre Gurugram,"₹ 20,500",8.7,Fabulous,"1,968","Sector 40 - 44, Gurgaon","Superior Room king bed with upgrade to Deluxe Room (Subject to avl),10% discount on food & Soft Beverages",1 extra-large double bed,"+₹ 3,690 taxes and charges",5,1 night, 2 adults,"₹ 20,500",False,True,2023-11-07,2023-11-08,"2 swimming pools, Non-smoking rooms, Room service, Spa and wellness centre, Restaurant, Family rooms, Fitness centre, Tea/coffee maker in all rooms, Bar, Fabulous breakfast"
Radisson Blu Hotel New Delhi Paschim Vihar,"₹ 10,000",6.5,Review score,"1,836","Pashim Vihar, New Delhi",Superior Double or Twin Room,Beds: 1 double or 2 singles,"+₹ 2,300 taxes and charges",5,1 night, 2 adults,"₹ 10,000",False,True,2023-11-07,2023-11-08,"Outdoor swimming pool, Airport shuttle, Non-smoking rooms, Room service, Spa and wellness centre, Restaurant, Fitness centre, Tea/coffee maker in all rooms, Bar, Good breakfast"
The Suryaa New Delhi,"₹ 21,293",7.4,Good,"1,088","New Friends Colony, New Delhi","Club Room with complimentary breakfast, 10% Discount on F&B SPA & SALON,3 Pints of Beer at Atrium Lounge(within operational timings)",1 extra-large double bed,"+₹ 3,833 taxes and charges",5,1 night, 2 adults,"₹ 21,293",True,True,2023-11-07,2023-11-08,"2 swimming pools, Airport shuttle (free), Non-smoking rooms, Room service, Spa and wellness centre, Restaurant, Family rooms, Tea/coffee maker in all rooms, Bar, Good breakfast"
"Fortune Park Orange, Sidhrawali - Member ITC's Hotel Group","₹ 4,000",8.0,Very good,75,Bhiwadi,Deluxe Twin Room,2 single beds,+₹ 480 taxes and charges,4,1 night, 2 adults,"₹ 4,000",False,True,2023-11-07,2023-11-08,"Outdoor swimming pool, Airport shuttle, Non-smoking rooms, Room service, Spa and wellness centre, Restaurant, Fitness centre, Tea/coffee maker in all rooms, Bar, Very good breakfast"
Hilton Garden Inn New Delhi/Saket,"₹ 18,750",7.5,Good,"1,338","Saket, New Delhi",King Guest Room,1 large double bed,"+₹ 3,375 taxes and charges",5,1 night, 2 adults,"₹ 18,750",True,True,2023-11-07,2023-11-08,"Outdoor swimming pool, Airport shuttle, Non-smoking rooms, Room service, Restaurant, Fitness centre, Free parking, Tea/coffee maker in all rooms, Bar, Good breakfast"
Colonel’s Retreat,"₹ 9,360",8.7,Fabulous,549,"South Delhi, New Delhi",Standard Double or Twin Room,Multiple bed types,Includes taxes and charges,3,1 night, 2 adults,"₹ 9,360",True,True,2023-11-07,2023-11-08,"Airport shuttle, Non-smoking rooms, Restaurant, Free parking, Facilities for disabled guests, Free WiFi, Terrace, Laundry, Tea/coffee maker in all rooms, Fabulous breakfast"
"Vivanta Surajkund, NCR","₹ 12,000",7.8,Good,"1,350",Faridabad,Superior Room king bed,1 extra-large double bed,"+₹ 2,160 taxes and charges",5,1 night, 2 adults,"₹ 12,000",False,True,2023-11-07,2023-11-08,"Outdoor swimming pool, Airport shuttle, Non-smoking rooms, Room service, Spa and wellness centre, Restaurant, Fitness centre, Tea/coffee maker in all rooms, Bar, Very good breakfast"
Southwest Inn - Boutique Hotel,"₹ 6,100",6.2,Review score,308,"Dwarka, New Delhi",Superior Double or Twin Room,1 large double bed,+₹ 732 taxes and charges,3,1 night, 2 adults,"₹ 6,100",False,True,2023-11-07,2023-11-08,"Airport shuttle (free), Non-smoking rooms, Room service, Restaurant, Family rooms, Free parking, Free WiFi, 24-hour front desk, Terrace, Breakfast"
"Four Points by Sheraton New Delhi, Airport Highway","₹ 16,000",7.9,Good,386,"South West, New Delhi",Premier Room,1 extra-large double bed,"+₹ 2,880 taxes and charges",4,1 night, 2 adults,"₹ 16,000",False,True,2023-11-07,2023-11-08,"Outdoor swimming pool, Non-smoking rooms, Room service, Restaurant, Fitness centre, Facilities for disabled guests, 24-hour front desk, Garden, Tea/coffee maker in all rooms, Good breakfast"
Hotel Decent Suites - Delhi Airport,"₹ 2,599",7.8,Good,"1,768","South West, New Delhi",Deluxe King Room,1 double bed,+₹ 312 taxes and charges,4,1 night, 2 adults,"₹ 3,999",True,True,2023-11-07,2023-11-08,"Airport shuttle, Non-smoking rooms, Room service, Family rooms, Free parking, Free WiFi, 24-hour front desk, Terrace, Laundry, Breakfast"
FabExpress Chawla House,"₹ 3,183",7.7,Good,6,"East Delhi, New Delhi",Deluxe Room,1 double bed,+₹ 70 taxes and charges,3,1 night, 2 adults,"₹ 3,183",False,True,2023-11-07,2023-11-08,"Non-smoking rooms, Room service, Family rooms, Free WiFi, 24-hour front desk, Air conditioning, Breakfast"
Townhouse 86392 Parker Plaza,"₹ 1,697",5.5,Review score,6,Rāi,Classic Triple Room,1 extra-large double bed,+₹ 260 taxes and charges,4,1 night, 2 adults,"₹ 2,611",False,True,2023-11-07,2023-11-08,"Restaurant, Room service, Family rooms, Breakfast"
DoubleTree by Hilton Gurgaon New Delhi NCR,"₹ 17,499",7.5,Good,964,"Golf Course Road, Gurgaon",King Room,1 large double bed,"+₹ 3,150 taxes and charges",5,1 night, 2 adults,"₹ 17,499",False,True,2023-11-07,2023-11-08,"Outdoor swimming pool, Airport shuttle (free), Non-smoking rooms, Room service, Spa and wellness centre, Restaurant, Fitness centre, Tea/coffee maker in all rooms, Bar, Good breakfast"
Le Meridien New Delhi,"₹ 16,150",7.7,Good,"1,055","Central Delhi, New Delhi",Executive Double or Twin Room,Beds: 1 double or 2 singles,"+₹ 2,907 taxes and charges",5,1 night, 2 adults,"₹ 16,150",False,True,2023-11-07,2023-11-08,"Outdoor swimming pool, Airport shuttle, Non-smoking rooms, Room service, Spa and wellness centre, Restaurant, Family rooms, Tea/coffee maker in all rooms, Bar, Good breakfast"
Hotel Emerald Park,"₹ 1,039",8.7,Fabulous,109,"South West, New Delhi",Deluxe Double or Twin Room,1 large double bed,+₹ 374 taxes and charges,3,1 night, 2 adults,"₹ 1,598",True,True,2023-11-07,2023-11-08,"Airport shuttle, Non-smoking rooms, Room service, Family rooms, Free parking, Free WiFi, 24-hour front desk, Terrace, Tea/coffee maker in all rooms, Exceptional breakfast"
Karma Chalets Gurgaon,"₹ 10,000",8.3,Very good,103,Gurgaon,Studio Magnolia,Multiple bed types,"+₹ 1,800 taxes and charges",3,1 night, 2 adults,"₹ 10,000",True,True,2023-11-07,2023-11-08,"2 swimming pools, Non-smoking rooms, Spa and wellness centre, Restaurant, Family rooms, Fitness centre, Free parking, Facilities for disabled guests, Tea/coffee maker in all rooms, Very good breakfast"
Airport Hotel Mars,₹ 539,8.1,Very good,13,"South West, New Delhi",Deluxe Double Room (2 Adults + 1 Child),1 double bed,+₹ 65 taxes and charges,3,1 night, 2 adults,₹ 539,False,False,2023-11-07,2023-11-08,"Airport shuttle, Non-smoking rooms, Room service, Family rooms, Free parking, Facilities for disabled guests, 24-hour front desk, Terrace, Laundry, Breakfast"
Krishna Enclave,"₹ 1,773",NA,NA,NA,Ghaziabad,Double Room with Terrace,"2 beds (1 single, 1 double)",+₹ 213 taxes and charges,0,1 night, 2 adults,"₹ 1,773",False,True,2023-11-07,2023-11-08,
"Holiday Inn Express New Delhi International Airport T3, an IHG Hotel","₹ 13,501",7.1,Good,961,"South West, New Delhi",Deluxe Room,1 large double bed,"+₹ 2,430 taxes and charges",4,1 night, 2 adults,"₹ 13,501",True,False,2023-11-07,2023-11-08,"Non-smoking rooms, Spa and wellness centre, Restaurant, Fitness centre, Facilities for disabled guests, Free WiFi, 24-hour front desk, Bar, Tea/coffee maker in all rooms, Good breakfast"
OYO 81159 Hotel Crown,"₹ 3,052",NA,NA,NA,Pānīpat,Classic Triple Room,1 large double bed,+₹ 398 taxes and charges,3,1 night, 2 adults,"₹ 3,052",False,True,2023-11-07,2023-11-08,Room service
Home@F37 Kailash Colony Metro,"₹ 4,425",8.3,Very good,225,"South Delhi, New Delhi",Super Deluxe Double Room,1 large double bed,+₹ 531 taxes and charges,3,1 night, 2 adults,"₹ 4,425",True,True,2023-11-07,2023-11-08,"Airport shuttle, Non-smoking rooms, Room service, Restaurant, Free parking, Free WiFi, Laundry, Air conditioning, Tea/coffee maker in all rooms, Breakfast"
Hotel Blue Pearl,"₹ 3,150",8.2,Very good,"2,064","Paharganj, New Delhi",Deluxe Room,1 extra-large double bed,+₹ 378 taxes and charges,3,1 night, 2 adults,"₹ 4,200",True,True,2023-11-07,2023-11-08,"Airport shuttle, Non-smoking rooms, Room service, Family rooms, Free parking, Facilities for disabled guests, Free WiFi, 24-hour front desk, Tea/coffee maker in all rooms, Very good breakfast"
"Park Inn by Radisson,South Delhi","₹ 8,999",7.6,Good,"1,110","South Delhi, New Delhi",Superior Room,1 large double bed,"+₹ 1,620 taxes and charges",5,1 night, 2 adults,"₹ 8,999",True,True,2023-11-07,2023-11-08,"Airport shuttle, Non-smoking rooms, Room service, Restaurant, Fitness centre, Free parking, Facilities for disabled guests, Tea/coffee maker in all rooms, Bar, Good breakfast"
Lime Tree Luxury Studio,"₹ 2,700",9.0,Superb,34,Gurgaon,Standard Double Room,1 single bed,+₹ 324 taxes and charges,3,1 night, 2 adults,"₹ 2,700",False,True,2023-11-07,2023-11-08,"Non-smoking rooms, Room service, Restaurant, Family rooms, Free parking, Free WiFi, 24-hour front desk"
Airport Hotel Mars Stay By Sinon,₹ 629,9.7,Exceptional,6,"Mahipalpur, New Delhi",Deluxe Double Room (2 Adults + 1 Child),1 double bed,+₹ 75 taxes and charges,3,1 night, 2 adults,₹ 629,False,False,2023-11-07,2023-11-08,"Airport shuttle, Non-smoking rooms, Room service, Family rooms, Free parking, Facilities for disabled guests, WiFi, 24-hour front desk, Terrace, Breakfast"
"Le Meridien Gurgaon, Delhi NCR","₹ 19,200",8.2,Very good,"1,503",Gurgaon,King Room,1 extra-large double bed,"+₹ 3,456 taxes and charges",5,1 night, 2 adults,"₹ 19,200",False,True,2023-11-07,2023-11-08,"Outdoor swimming pool, Non-smoking rooms, Room service, Spa and wellness centre, Restaurant, Fitness centre, Free parking, Tea/coffee maker in all rooms, Bar, Very good breakfast"
Collection O Mahavir Enclave Near Dashrath Puri Metro Station,"₹ 1,561",4.3,Review score,7,"South West, New Delhi",Classic Triple Room,1 large double bed,+₹ 219 taxes and charges,3,1 night, 2 adults,"₹ 2,402",False,True,2023-11-07,2023-11-08,"Room service, 24-hour front desk, Daily housekeeping, Air conditioning"
"Pride Plaza Hotel, Aerocity New Delhi","₹ 16,469",7.3,Good,"3,133","South West, New Delhi",Superior King,1 large double bed,"+₹ 2,964 taxes and charges",5,1 night, 2 adults,"₹ 18,299",True,True,2023-11-07,2023-11-08,"Outdoor swimming pool, Airport shuttle, Non-smoking rooms, Room service, Spa and wellness centre, Restaurant, Fitness centre, Tea/coffee maker in all rooms, Bar, Good breakfast"
Delhi Pride Hotel,"₹ 3,599",7.1,Good,134,"Karol bagh, New Delhi",Deluxe Double or Twin Room,Beds: 1 double or 2 singles,+₹ 432 taxes and charges,3,1 night, 2 adults,"₹ 3,599",False,True,2023-11-07,2023-11-08,"Airport shuttle, Room service, Restaurant, Family rooms, Free parking, Facilities for disabled guests, 24-hour front desk, Laundry, Tea/coffee maker in all rooms, Breakfast"
"Crowne Plaza New Delhi Okhla, an IHG Hotel","₹ 10,423",7.9,Good,"1,790","South Delhi, New Delhi",Twin Room - Non-Smoking,2 single beds,"+₹ 1,876 taxes and charges",5,1 night, 2 adults,"₹ 10,423",False,False,2023-11-07,2023-11-08,"Outdoor swimming pool, Airport shuttle, Non-smoking rooms, Room service, Restaurant, Family rooms, Free parking, Facilities for disabled guests, Free WiFi, Very good breakfast"
The Oberoi Gurgaon,"₹ 32,400",9.4,Superb,491,"Udyog Vihar, Gurgaon",Deluxe Double Room,1 extra-large double bed,"+₹ 5,832 taxes and charges",5,1 night, 2 adults,"₹ 32,400",False,False,2023-11-07,2023-11-08,"Outdoor swimming pool, Airport shuttle, Non-smoking rooms, Room service, Spa and wellness centre, Restaurant, Family rooms, Tea/coffee maker in all rooms, Bar, Exceptional breakfast"
Hotel International Inn - Near Delhi Airport,"₹ 2,591",7.7,Good,800,"Mahipalpur, New Delhi",Compact Room,1 extra-large double bed,+₹ 311 taxes and charges,3,1 night, 2 adults,"₹ 2,879",False,True,2023-11-07,2023-11-08,"Airport shuttle, Non-smoking rooms, Room service, Restaurant, Family rooms, Free parking, Free WiFi, 24-hour front desk, Laundry, Fabulous breakfast"
The Roseman Hotel and Suites,"₹ 1,971",6.3,Review score,812,Ghaziabad,Deluxe Double Room,1 extra-large double bed,+₹ 237 taxes and charges,3,1 night, 2 adults,"₹ 1,971",False,True,2023-11-07,2023-11-08,"Non-smoking rooms, Room service, Restaurant, Family rooms, Free parking, Free WiFi, Good breakfast"
Hotel Star One - Near Delhi Airport,"₹ 3,239",7.6,Good,520,"Mahipalpur, New Delhi",Deluxe Room,1 extra-large double bed,+₹ 389 taxes and charges,3,1 night, 2 adults,"₹ 3,599",True,True,2023-11-07,2023-11-08,"Room service, Family rooms, Free parking, Free WiFi, 24-hour front desk, Daily housekeeping, Air conditioning, Breakfast"
The Metro Stay By F9 Hotels-Near Sector 18 Metro Station Noida,"₹ 3,999",7.6,Good,90,Noida,Standard Double Room,1 double bed,+₹ 480 taxes and charges,3,1 night, 2 adults,"₹ 3,999",False,True,2023-11-07,2023-11-08,"Airport shuttle, Non-smoking rooms, Room service, Family rooms, Free parking, Free WiFi, Breakfast"
Dwelling Residency,"₹ 3,500",6.4,Review score,67,Greater Noida,Superior Double Room,1 double bed,+₹ 420 taxes and charges,4,1 night, 2 adults,"₹ 3,500",False,True,2023-11-07,2023-11-08,"Non-smoking rooms, Room service, Family rooms, Free parking, Free WiFi, Tea/coffee maker in all rooms, Breakfast"
"Crowne Plaza New Delhi Rohini, an IHG Hotel","₹ 9,740",8.1,Very good,844,"Rohini, New Delhi",King Room - Non-Smoking,1 large double bed,"+₹ 1,753 taxes and charges",5,1 night, 2 adults,"₹ 9,740",False,False,2023-11-07,2023-11-08,"Outdoor swimming pool, Airport shuttle, Non-smoking rooms, Room service, Spa and wellness centre, Restaurant, Fitness centre, Tea/coffee maker in all rooms, Bar, Very good breakfast"
Hotel Palace Heights,"₹ 7,499",8.0,Very good,232,"Connaught Place, New Delhi",Standard Double Room,Multiple bed types,+₹ 900 taxes and charges,3,1 night, 2 adults,"₹ 7,499",True,True,2023-11-07,2023-11-08,"Non-smoking rooms, Room service, Free parking, Free WiFi, 24-hour front desk, Bar, Daily housekeeping, Air conditioning, Tea/coffee maker in all rooms, Breakfast"
LetsBunk Poshtel & Suites,"₹ 4,320",7.5,Good,763,"Hauz Khas, New Delhi",Queen Room,1 double bed,+₹ 518 taxes and charges,4,1 night, 2 adults,"₹ 4,320",True,True,2023-11-07,2023-11-08,"Airport shuttle, Non-smoking rooms, Room service, Restaurant, Family rooms, Parking, Free WiFi, 24-hour front desk, Bar, Breakfast"
"ITC Maurya, a Luxury Collection Hotel, New Delhi","₹ 18,000",8.0,Very good,"1,292","Chanakyapuri, New Delhi",Executive Queen Room - Club Level,1 large double bed,"+₹ 3,240 taxes and charges",5,1 night, 2 adults,"₹ 18,000",True,True,2023-11-07,2023-11-08,"Outdoor swimming pool, Airport shuttle, Non-smoking rooms, Room service, Spa and wellness centre, Restaurant, Fitness centre, Free parking, Bar, Very good breakfast"
SPOT ON Agrah Hotel,"₹ 1,561",NA,NA,NA,Bulandshahr,Classic Triple Room,1 large double bed,+₹ 211 taxes and charges,3,1 night, 2 adults,"₹ 2,402",False,True,2023-11-07,2023-11-08,Free WiFi
Iora Guest House,"₹ 1,300",9.2,Superb,122,Bharatpur,Double or Twin Room with Bathroom,1 double bed,+₹ 156 taxes and charges,3,1 night, 2 adults,"₹ 1,300",False,True,2023-11-07,2023-11-08,"Airport shuttle, Restaurant, Non-smoking rooms, Room service, Free parking, Facilities for disabled guests, Free WiFi, Good breakfast"
"3 BHK Floor in Dwarka, New Delhi, Near Airport.","₹ 7,000",NA,NA,NA,"Dwarka, New Delhi",Three-Bedroom Apartment,"6 beds (3 doubles, 3 sofa beds)",+₹ 840 taxes and charges,0,1 night, 2 adults,"₹ 7,000",False,True,2023-11-07,2023-11-08,"Free parking, Free WiFi, Terrace, Air conditioning"
Joey's Hostel,"₹ 2,564",8.3,Very good,"1,107","East Delhi, New Delhi",Deluxe Double Room,1 extra-large double bed,+₹ 308 taxes and charges,0,1 night, 2 adults,"₹ 2,564",False,True,2023-11-07,2023-11-08,"Non-smoking rooms, Parking on site, Free WiFi, 24-hour front desk, Terrace, Laundry, Daily housekeeping, Air conditioning, Good breakfast"
Flagship Hotel Yellow Town,"₹ 1,527",NA,NA,NA,Bulandshahr,Classic Triple Room,1 large double bed,+₹ 215 taxes and charges,3,1 night, 2 adults,"₹ 2,350",False,True,2023-11-07,2023-11-08,Room service
ROYAL LALIT Grand Hotel,"₹ 2,699",8.5,Very good,24,Karnal,Deluxe Double Room,1 double bed,+₹ 324 taxes and charges,0,1 night, 2 adults,"₹ 2,699",True,True,2023-11-07,2023-11-08,"Non-smoking rooms, Free parking, Room service, Family rooms, Free WiFi, Tea/coffee maker in all rooms"
"Crowne Plaza Today Gurugram, an IHG Hotel","₹ 16,714",8.4,Very good,"1,055","City Center - Sector 29, Gurgaon",Superior Double Room - Non-Smoking,1 double bed,"+₹ 3,009 taxes and charges",5,1 night, 2 adults,"₹ 16,714",False,False,2023-11-07,2023-11-08,"Outdoor swimming pool, Airport shuttle, Non-smoking rooms, Room service, Spa and wellness centre, Restaurant, Family rooms, Fitness centre, Bar, Very good breakfast"
Hotel Pearl - Mahipalpur Delhi Airport Fully Vaccinated Staff,"₹ 2,100",8.3,Very good,471,"Mahipalpur, New Delhi",Small Double Room,1 double bed,+₹ 252 taxes and charges,3,1 night, 2 adults,"₹ 7,000",False,True,2023-11-07,2023-11-08,"Airport shuttle, Non-smoking rooms, Room service, Restaurant, Family rooms, Free parking, Facilities for disabled guests, Free WiFi, Tea/coffee maker in all rooms, Good breakfast"
Hotel Natraj Yes Please,"₹ 4,136",7.7,Good,399,"Paharganj, New Delhi",[Sanitized] Superior Double Room,1 extra-large double bed,+₹ 496 taxes and charges,3,1 night, 2 adults,"₹ 4,136",False,True,2023-11-07,2023-11-08,"Non-smoking rooms, Room service, Restaurant, Family rooms, Free parking, Free WiFi, 24-hour front desk, Terrace, Laundry, Daily housekeeping"
SaltStayz Golf Course Road,"₹ 2,525",8.4,Very good,165,"Golf Course Road, Gurgaon",Deluxe Double Room,1 double bed,+₹ 303 taxes and charges,4,1 night, 2 adults,"₹ 2,525",True,True,2023-11-07,2023-11-08,"Room service, Free parking, Free WiFi, 24-hour front desk, Fabulous breakfast"
Hotel M2M Sonipat,"₹ 2,016",1.0,Review score,1,Sonīpat,Deluxe King Room,1 extra-large double bed,+₹ 242 taxes and charges,5,1 night, 2 adults,"₹ 2,016",False,True,2023-11-07,2023-11-08,"Non-smoking rooms, Room service, Family rooms, Free parking, Free WiFi, Breakfast"
FabExpress The Paradise,"₹ 3,610",7.3,Good,15,"South Delhi, New Delhi",Deluxe Room,1 double bed,+₹ 433 taxes and charges,3,1 night, 2 adults,"₹ 3,610",False,True,2023-11-07,2023-11-08,"Non-smoking rooms, Room service, Family rooms, 24-hour front desk, Air conditioning, Breakfast"
The Angel Hotel & Suites,"₹ 3,500",8.0,Very good,99,Gurgaon,Superior Double Room,1 extra-large double bed,+₹ 420 taxes and charges,3,1 night, 2 adults,"₹ 3,500",True,True,2023-11-07,2023-11-08,"Airport shuttle, Non-smoking rooms, Room service, Family rooms, Free parking, Facilities for disabled guests, Free WiFi, 24-hour front desk, Tea/coffee maker in all rooms, Superb breakfast"
Green Serene Abode,"₹ 2,500",9.4,Superb,19,Meerut,Deluxe Double Room with Extra Bed,"2 beds (1 large double, 1 futon)",+₹ 550 taxes and charges,0,1 night, 2 adults,"₹ 2,500",True,True,2023-11-07,2023-11-08,"Airport shuttle, Non-smoking rooms, Room service, Family rooms, Free parking, Facilities for disabled guests, Free WiFi, Breakfast"
Flagship Hotel Signature Village,"₹ 1,527",1.0,Review score,3,New Delhi,Standard Double Room,1 large double bed,+₹ 207 taxes and charges,3,1 night, 2 adults,"₹ 2,350",False,True,2023-11-07,2023-11-08,"Daily housekeeping, Air conditioning"
Hotel City Empire,"₹ 2,700",8.0,Very good,"1,695","Paharganj, New Delhi",Superior Double/Twin,Beds: 1 double or 2 singles,+₹ 324 taxes and charges,3,1 night, 2 adults,"₹ 3,000",True,True,2023-11-07,2023-11-08,"Airport shuttle, Non-smoking rooms, Room service, Spa and wellness centre, Restaurant, Family rooms, Free parking, Facilities for disabled guests, Tea/coffee maker in all rooms, Good breakfast"
Hotel City Star,"₹ 6,000",8.4,Very good,979,"Paharganj, New Delhi",Deluxe Double Room,1 double bed,+₹ 720 taxes and charges,3,1 night, 2 adults,"₹ 6,000",True,True,2023-11-07,2023-11-08,"Non-smoking rooms, Room service, Restaurant, Fitness centre, Free parking, Free WiFi, 24-hour front desk, Terrace, Laundry, Very good breakfast"
NUO By juSTa,"₹ 5,662",7.2,Good,186,"Kailash Colony, New Delhi",Standard King Room,1 extra-large double bed,+₹ 679 taxes and charges,4,1 night, 2 adults,"₹ 7,549",False,True,2023-11-07,2023-11-08,"Airport shuttle (free), Non-smoking rooms, Room service, Restaurant, Free WiFi, 24-hour front desk, Air conditioning, Breakfast"
SPOT ON Spotlight Inn Hotel And Restaurant,"₹ 2,350",NA,NA,NA,Muzaffarnagar,Classic Triple Room,1 large double bed,+₹ 314 taxes and charges,3,1 night, 2 adults,"₹ 2,350",False,True,2023-11-07,2023-11-08,NA
Hotel Omega - Gurgaon Central,"₹ 4,049",7.8,Good,112,"Sector 40 - 44, Gurgaon",Business Double Room with Gym Access,Multiple bed types,+₹ 486 taxes and charges,4,1 night, 2 adults,"₹ 4,049",False,False,2023-11-07,2023-11-08,"Airport shuttle, Non-smoking rooms, Room service, Restaurant, Family rooms, Fitness centre, Free parking, Facilities for disabled guests, Tea/coffee maker in all rooms, Breakfast"
Hotel King plaza Near IGI Airport Delhi,"₹ 1,040",7.5,Good,459,"South West, New Delhi",Deluxe King Room,1 extra-large double bed,+₹ 125 taxes and charges,3,1 night, 2 adults,"₹ 2,599",True,True,2023-11-07,2023-11-08,"Airport shuttle, Non-smoking rooms, Room service, Spa and wellness centre, Restaurant, Family rooms, Facilities for disabled guests, Tea/coffee maker in all rooms, Bar, Fabulous breakfast"
The Hosteller Delhi,"₹ 7,587",8.4,Very good,"1,135","New Friends Colony, New Delhi","Deluxe Double Room (Double Room with Attached Bathroom, 02 Hrs Early Check-in {Subject to availability}, High Speed WiFi and 10% off on F&B)",1 double bed,"+₹ 1,366 taxes and charges",3,1 night, 2 adults,"₹ 7,587",False,True,2023-11-07,2023-11-08,"Non-smoking rooms, Restaurant, Free parking, Free WiFi, 24-hour front desk, Laundry, Daily housekeeping, Air conditioning, Good breakfast"
FabHotel Aashraye,"₹ 4,813",7.6,Good,339,"South Delhi, New Delhi",(Sanitised) Deluxe Room,1 extra-large double bed,+₹ 578 taxes and charges,3,1 night, 2 adults,"₹ 4,813",False,True,2023-11-07,2023-11-08,"Non-smoking rooms, Room service, Family rooms, Free parking, Free WiFi, 24-hour front desk, Laundry, Daily housekeeping, Air conditioning, Breakfast"
Palasa Hotel,"₹ 5,499",9.1,Superb,13,Muzaffarnagar,Twin Room,1 double bed,+₹ 660 taxes and charges,0,1 night, 2 adults,"₹ 5,499",False,True,2023-11-07,2023-11-08,"Free parking, Non-smoking rooms, Room service, Restaurant, Family rooms, Free WiFi, Tea/coffee maker in all rooms"
Park Plaza Gurgaon,"₹ 14,400",7.4,Good,"1,347","City Center - Sector 29, Gurgaon","Plaza Room , 50% Discount on Lunch and Dinner Buffet only at New Town Cafe",Beds: 1 double or 2 singles,"+₹ 2,592 taxes and charges",5,1 night, 2 adults,"₹ 14,400",False,True,2023-11-07,2023-11-08,"Outdoor swimming pool, Airport shuttle, Non-smoking rooms, Room service, Restaurant, Family rooms, Fitness centre, Tea/coffee maker in all rooms, Bar, Breakfast"
Hotel Palm Greens,"₹ 3,690",7.0,Good,26,"Saket, New Delhi",Standard Room,1 extra-large double bed,+₹ 443 taxes and charges,3,1 night, 2 adults,"₹ 4,100",False,True,2023-11-07,2023-11-08,"Non-smoking rooms, Room service, Restaurant, Family rooms, Free parking, Facilities for disabled guests, Free WiFi, 24-hour front desk, Tea/coffee maker in all rooms, Good breakfast"
Hotel Cottage Yes Please Near New Delhi Railway Station,"₹ 3,599",7.2,Good,437,"Paharganj, New Delhi",Deluxe Double Room,1 single bed,+₹ 432 taxes and charges,4,1 night, 2 adults,"₹ 3,599",False,True,2023-11-07,2023-11-08,"Non-smoking rooms, Room service, Family rooms, Free parking, Free WiFi, 24-hour front desk, Daily housekeeping, Air conditioning, Tea/coffee maker in all rooms"
R C Palace Hotel,"₹ 10,000",7.2,Good,21,Bhiwadi,Executive Suite,1 extra-large double bed,"+₹ 1,800 taxes and charges",3,1 night, 2 adults,"₹ 10,000",True,True,2023-11-07,2023-11-08,"Airport shuttle, Non-smoking rooms, Room service, Restaurant, Family rooms, Free parking, Free WiFi, Good breakfast"
Hotel Nitya Maharani 'NEW DELHI',"₹ 2,867",8.1,Very good,"1,747","Paharganj, New Delhi",Deluxe Double Room,Multiple bed types,+₹ 344 taxes and charges,3,1 night, 2 adults,"₹ 4,096",False,True,2023-11-07,2023-11-08,"Airport shuttle, Non-smoking rooms, Room service, Family rooms, Free parking, Facilities for disabled guests, Free WiFi, 24-hour front desk, Tea/coffee maker in all rooms, Fabulous breakfast"
OYO 93225 Hotel Perfect 10,"₹ 1,527",NA,NA,NA,Bulandshahr,Classic Triple Room,1 large double bed,+₹ 215 taxes and charges,3,1 night, 2 adults,"₹ 2,350",False,True,2023-11-07,2023-11-08,
FabHotel Well Stay,"₹ 2,972",8.3,Very good,3,Noida,Deluxe Room,1 double bed,+₹ 357 taxes and charges,3,1 night, 2 adults,"₹ 2,972",False,True,2023-11-07,2023-11-08,"Non-smoking rooms, Room service, Family rooms, Free WiFi, Breakfast"
DoubleTree by Hilton Gurugram Baani Square,"₹ 16,199",7.5,Good,876,Gurgaon,Superior King Room,1 extra-large double bed,"+₹ 2,916 taxes and charges",5,1 night, 2 adults,"₹ 16,199",False,True,2023-11-07,2023-11-08,"Outdoor swimming pool, Airport shuttle (free), Non-smoking rooms, Room service, Restaurant, Family rooms, Fitness centre, Tea/coffee maker in all rooms, Bar, Good breakfast"
Radisson Noida,"₹ 13,770",7.5,Good,654,Noida,Deluxe Double or Twin Room with 15% discount on Food and Soft beverage,Beds: 1 double or 2 singles,"+₹ 2,479 taxes and charges",5,1 night, 2 adults,"₹ 13,770",False,True,2023-11-07,2023-11-08,"Outdoor swimming pool, Airport shuttle, Non-smoking rooms, Room service, Spa and wellness centre, Restaurant, Family rooms, Tea/coffee maker in all rooms, Bar, Good breakfast"
Hotel Krishna - By RCG Hotels,"₹ 4,860",7.9,Good,637,"Paharganj, New Delhi",Deluxe Double or Twin Room,Beds: 1 double or 2 singles,+₹ 583 taxes and charges,3,1 night, 2 adults,"₹ 4,860",False,False,2023-11-07,2023-11-08,"Airport shuttle, Non-smoking rooms, Room service, Restaurant, Family rooms, Free parking, Facilities for disabled guests, Free WiFi, Tea/coffee maker in all rooms, Good breakfast"
Radisson Hotel Sector 29 Gurugram,"₹ 14,580",7.4,Good,20,"Sector 40 - 44, Gurgaon",Standard Room with 20% discount on food & soft beverages,Multiple bed types,"+₹ 2,624 taxes and charges",5,1 night, 2 adults,"₹ 14,580",False,False,2023-11-07,2023-11-08,"Airport shuttle, Non-smoking rooms, Room service, Restaurant, Fitness centre, Free parking, Facilities for disabled guests, Free WiFi, Bar, Breakfast"
FabHotel Cabana,"₹ 6,681",7.0,Good,215,"Greater Kailash 1, New Delhi",Deluxe Double Room,1 double bed,+₹ 802 taxes and charges,3,1 night, 2 adults,"₹ 6,681",True,True,2023-11-07,2023-11-08,"Non-smoking rooms, Room service, Restaurant, Family rooms, Free parking, Free WiFi, 24-hour front desk, Laundry, Daily housekeeping, Air conditioning"
"Country Inn & Suites by Radisson, Gurugram Sector 12","₹ 12,999",7.3,Good,"1,598","Sector 14, Gurgaon",Standard Room with 15% off on food & soft beverages,2 single beds,"+₹ 2,340 taxes and charges",4,1 night, 2 adults,"₹ 12,999",True,True,2023-11-07,2023-11-08,"Airport shuttle, Room service, Spa and wellness centre, Restaurant, Family rooms, Fitness centre, Free parking, Tea/coffee maker in all rooms, Bar, Good breakfast"
B Nineteen,"₹ 7,574",8.9,Fabulous,214,"South Delhi, New Delhi",King Room with Balcony,1 extra-large double bed,"+₹ 1,363 taxes and charges",0,1 night, 2 adults,"₹ 7,574",False,True,2023-11-07,2023-11-08,"Airport shuttle, Non-smoking rooms, Room service, Family rooms, Free WiFi, 24-hour front desk, Terrace, Garden, Laundry, Very good breakfast"
Bloomrooms @ Link Road,"₹ 6,000",8.1,Very good,499,"South Delhi, New Delhi",Standard Queen Room,1 large double bed,+₹ 720 taxes and charges,3,1 night, 2 adults,"₹ 6,000",False,True,2023-11-07,2023-11-08,"Airport shuttle, Non-smoking rooms, Restaurant, Free WiFi, 24-hour front desk, Air conditioning, Breakfast"
FabHotel Satyam International,"₹ 4,295",8.0,Very good,4,Noida,Deluxe Room,1 double bed,+₹ 515 taxes and charges,3,1 night, 2 adults,"₹ 4,295",False,True,2023-11-07,2023-11-08,"Non-smoking rooms, Room service, Family rooms, Free WiFi, Breakfast"
FabHotel Premium Nest,"₹ 3,080",8.3,Very good,593,"Sushant Lok, Gurgaon",Deluxe Room,1 double bed,+₹ 370 taxes and charges,3,1 night, 2 adults,"₹ 3,080",True,True,2023-11-07,2023-11-08,"Room service, Restaurant, Family rooms, Facilities for disabled guests, Free WiFi, 24-hour front desk"
Hotel Quadis - Noida sec 15,"₹ 1,700",9.2,Superb,36,Noida,Deluxe Double Room (2 Adults + 1 Child),1 double bed,+₹ 204 taxes and charges,3,1 night, 2 adults,"₹ 1,700",False,True,2023-11-07,2023-11-08,"Non-smoking rooms, Room service, Family rooms, Free parking, Free WiFi"
OYO Flagship 81172 Hotel Sai Ram,"₹ 3,052",NA,NA,NA,New Delhi,Classic Triple Room,1 large double bed,+₹ 398 taxes and charges,3,1 night, 2 adults,"₹ 3,052",False,True,2023-11-07,2023-11-08,Air conditioning
Hotel The Luxem at Golf Course Road,"₹ 3,959",8.6,Fabulous,80,Gurgaon,Standard Double Room,1 extra-large double bed,+₹ 475 taxes and charges,3,1 night, 2 adults,"₹ 3,959",False,True,2023-11-07,2023-11-08,"Airport shuttle, Non-smoking rooms, Room service, Restaurant, Free parking, Free WiFi, 24-hour front desk, Tea/coffee maker in all rooms, Superb breakfast"
Posh Residency Artemis Hospital Road Gurgaon,"₹ 2,199",7.8,Good,131,"Sector 40 - 44, Gurgaon",Deluxe Double Room with Balcony,1 large double bed,+₹ 264 taxes and charges,4,1 night, 2 adults,"₹ 2,199",False,True,2023-11-07,2023-11-08,"Non-smoking rooms, Room service, Restaurant, Family rooms, Free parking, Facilities for disabled guests, Free WiFi, 24-hour front desk, Tea/coffee maker in all rooms, Superb breakfast"
Hotel Olivia Inn At Delhi Airport,"₹ 3,999",8.5,Very good,948,"Mahipalpur, New Delhi",Small Double Room,1 extra-large double bed,+₹ 480 taxes and charges,3,1 night, 2 adults,"₹ 3,999",False,True,2023-11-07,2023-11-08,"Airport shuttle, Non-smoking rooms, Room service, Restaurant, Family rooms, Free parking, Free WiFi, 24-hour front desk, Laundry, Fabulous breakfast"
"Country Inn & Suites By Radisson, Sahibabad","₹ 14,399",7.8,Good,620,Ghaziabad,Superior Room,NA,"+₹ 2,592 taxes and charges",5,1 night, 2 adults,"₹ 14,399",True,True,2023-11-07,2023-11-08,"Outdoor swimming pool, Non-smoking rooms, Room service, Spa and wellness centre, Restaurant, Family rooms, Fitness centre, Free parking, Bar, Very good breakfast"
"The Connaught, New Delhi- IHCL SeleQtions","₹ 16,000",8.7,Fabulous,"1,062","Connaught Place, New Delhi","Superior Room, King Bed, City View, 10% disc on food and soft beverage Happy hours (one plus one) from 17:30hrs to 19:30hrs (except on 14th February)",1 extra-large double bed,"+₹ 2,880 taxes and charges",4,1 night, 2 adults,"₹ 16,000",False,True,2023-11-07,2023-11-08,"Outdoor swimming pool, Airport shuttle, Non-smoking rooms, Room service, Restaurant, Family rooms, Fitness centre, Tea/coffee maker in all rooms, Bar, Fabulous breakfast"
Staybook Hotel Pinky Villa - A Unit of JYOTI MAHAL,"₹ 2,200",7.8,Good,"1,458","Paharganj, New Delhi",Standard Heritage Room,1 double bed,+₹ 264 taxes and charges,4,1 night, 2 adults,"₹ 4,999",False,True,2023-11-07,2023-11-08,"Airport shuttle, Room service, Restaurant, Free parking, Free WiFi, 24-hour front desk, Laundry, Daily housekeeping, Air conditioning, Good breakfast"
The Suncourt Hotel Yatri,"₹ 3,100",8.1,Very good,293,"Karol bagh, New Delhi",Small Double Room,1 large double bed,+₹ 372 taxes and charges,3,1 night, 2 adults,"₹ 3,100",False,True,2023-11-07,2023-11-08,"Non-smoking rooms, Room service, Restaurant, Family rooms, Free parking, Free WiFi, 24-hour front desk, Terrace, Tea/coffee maker in all rooms, Good breakfast"
Treebo Trend Galaxy Rooms,"₹ 5,871",6.8,Review score,67,"Dwarka, New Delhi",Standard Double Room,1 extra-large double bed,+₹ 705 taxes and charges,3,1 night, 2 adults,"₹ 7,339",True,True,2023-11-07,2023-11-08,"Non-smoking rooms, Room service, Family rooms, Free parking, Free WiFi, 24-hour front desk, Laundry, Daily housekeeping, Air conditioning"
"Taj Mahal, New Delhi","₹ 40,000",8.7,Fabulous,202,"Central Delhi, New Delhi",Taj Club Executive Room(Renovated) King Bed,1 extra-large double bed,"+₹ 7,200 taxes and charges",5,1 night, 2 adults,"₹ 40,000",False,True,2023-11-07,2023-11-08,"Outdoor swimming pool, Airport shuttle, Non-smoking rooms, Room service, Spa and wellness centre, Restaurant, Fitness centre, Free parking, Bar, Fabulous breakfast"
Hotel Arch - Near Aerocity New Delhi,"₹ 2,861",7.7,Good,645,"Mahipalpur, New Delhi",Deluxe Room,Multiple bed types,+₹ 343 taxes and charges,4,1 night, 2 adults,"₹ 5,299",False,True,2023-11-07,2023-11-08,"Airport shuttle (free), Non-smoking rooms, Room service, Restaurant, Free parking, Facilities for disabled guests, Free WiFi, 24-hour front desk, Tea/coffee maker in all rooms, Fabulous breakfast"
ZEN Studios - DLF CyberCity Gurgaon,"₹ 3,500",8.7,Fabulous,165,"DLF Cyber City, Gurgaon",Standard Studio,Entire studio • 1 bathroom • 1 kitchen • 29m²,+₹ 420 taxes and charges,0,1 night, 2 adults,"₹ 3,500",False,False,2023-11-07,2023-11-08,"Non-smoking rooms, Room service, Restaurant, Family rooms, Fitness centre, Free parking, Facilities for disabled guests, Free WiFi, 24-hour front desk, Very good breakfast"
Pamposh Guest House GK II Market,"₹ 2,600",8.7,Fabulous,129,"South Delhi, New Delhi",Deluxe Room,1 large double bed,+₹ 312 taxes and charges,0,1 night, 2 adults,"₹ 2,600",False,True,2023-11-07,2023-11-08,"Airport shuttle (free), Non-smoking rooms, Room service, Family rooms, Parking on site, Free WiFi, 24-hour front desk, Terrace, Bar, Good breakfast"
Staybook - Hotel Jai Balaji New Delhi Railway Station,"₹ 3,039",7.7,Good,"1,423","Paharganj, New Delhi",Economy Double Room,1 large double bed,+₹ 365 taxes and charges,3,1 night, 2 adults,"₹ 3,039",True,True,2023-11-07,2023-11-08,"Airport shuttle, Non-smoking rooms, Room service, Family rooms, Facilities for disabled guests, Free WiFi, 24-hour front desk, Terrace, Tea/coffee maker in all rooms, Breakfast"
The Birder's Inn,"₹ 4,400",7.8,Good,165,Bharatpur,Deluxe Double or Twin Room,Beds: 1 double or 2 singles,+₹ 528 taxes and charges,3,1 night, 2 adults,"₹ 4,400",True,True,2023-11-07,2023-11-08,"Outdoor swimming pool, Non-smoking rooms, Family rooms, Free parking, Free WiFi"
Hotel Southern,"₹ 2,949",6.0,Review score,241,"Karol bagh, New Delhi",Deluxe Room ( annexure building ),Beds: 1 double or 2 singles,+₹ 354 taxes and charges,3,1 night, 2 adults,"₹ 2,949",False,False,2023-11-07,2023-11-08,"Airport shuttle, Non-smoking rooms, Room service, Restaurant, Family rooms, Parking, Facilities for disabled guests, Free WiFi, 24-hour front desk, Breakfast"
ibis New Delhi Aerocity - An Accor Brand,"₹ 10,999",6.8,Review score,"6,647","South West, New Delhi",Standard Queen Room,1 large double bed,"+₹ 1,980 taxes and charges",4,1 night, 2 adults,"₹ 10,999",False,True,2023-11-07,2023-11-08,"Outdoor swimming pool, Airport shuttle, Non-smoking rooms, Room service, Restaurant, Family rooms, Fitness centre, Tea/coffee maker in all rooms, Bar, Good breakfast"
Sky Suites,"₹ 2,652",7.6,Good,264,"Sector 40 - 44, Gurgaon",Deluxe Room (2 Adults + 1 Child),1 double bed,+₹ 318 taxes and charges,3,1 night, 2 adults,"₹ 5,893",False,True,2023-11-07,2023-11-08,"Non-smoking rooms, Room service, Restaurant, Family rooms, Free parking, Free WiFi, 24-hour front desk, Breakfast"
Hotel Z Suite-Near Delhi Airport,"₹ 2,475",7.5,Good,4,"Mahipalpur, New Delhi",Deluxe Room,1 extra-large double bed,+₹ 297 taxes and charges,4,1 night, 2 adults,"₹ 5,500",False,True,2023-11-07,2023-11-08,"Airport shuttle (free), Non-smoking rooms, Room service, Family rooms, Free parking, 24-hour front desk, Air conditioning"
Hotel Cladis - Noida Sector 15,"₹ 2,000",8.4,Very good,35,Noida,Deluxe Double Room (2 Adults + 1 Child),1 double bed,+₹ 240 taxes and charges,3,1 night, 2 adults,"₹ 2,000",False,True,2023-11-07,2023-11-08,"Non-smoking rooms, Room service, Family rooms, Free WiFi"
Hotel Olive Zone Near Delhi Airport,"₹ 1,200",6.4,Review score,878,"South West, New Delhi",Superior Double Room,1 large double bed,+₹ 144 taxes and charges,3,1 night, 2 adults,"₹ 1,200",False,True,2023-11-07,2023-11-08,"Airport shuttle, Non-smoking rooms, Room service, Restaurant, Family rooms, Free parking, Free WiFi, 24-hour front desk, Tea/coffee maker in all rooms, Good breakfast"
Hotel The IVY Grand With Free Secured Parking,"₹ 4,788",7.4,Good,698,"Paharganj, New Delhi",Deluxe Room,1 large double bed,+₹ 575 taxes and charges,4,1 night, 2 adults,"₹ 6,650",False,True,2023-11-07,2023-11-08,"Non-smoking rooms, Room service, Free WiFi, 24-hour front desk, Daily housekeeping, Air conditioning, Exceptional breakfast"
Hotel Hari Piorko,"₹ 2,624",7.7,Good,639,"Paharganj, New Delhi",Deluxe Room with Fish Aquarium,1 double bed,+₹ 315 taxes and charges,3,1 night, 2 adults,"₹ 3,499",False,True,2023-11-07,2023-11-08,"Non-smoking rooms, Room service, Restaurant, Facilities for disabled guests, Free WiFi, 24-hour front desk, Laundry, Daily housekeeping, Air conditioning, Breakfast"
Treebo Trend Rockwell Plaza Karol Bagh,"₹ 6,484",7.3,Good,332,"Karol bagh, New Delhi",[Sanitized] Standard Double Room,Multiple bed types,+₹ 778 taxes and charges,3,1 night, 2 adults,"₹ 8,105",True,True,2023-11-07,2023-11-08,"Non-smoking rooms, Room service, Restaurant, Family rooms, Free parking, Free WiFi, 24-hour front desk, Laundry, Daily housekeeping, Air conditioning"
"The Ashok, New Delhi","₹ 11,500",6.6,Review score,"1,735","Chanakyapuri, New Delhi",Executive Double Room - 15% Discount on Food & Soft Beverages,1 large double bed,"+₹ 2,070 taxes and charges",5,1 night, 2 adults,"₹ 11,500",True,True,2023-11-07,2023-11-08,"Airport shuttle, Non-smoking rooms, Room service, Restaurant, Family rooms, Free parking, Facilities for disabled guests, Free WiFi, 24-hour front desk, Bar"
Hotel Royal Grand,"₹ 2,333",7.0,Good,82,New Delhi,Deluxe Room,1 double bed,+₹ 280 taxes and charges,3,1 night, 2 adults,"₹ 3,333",False,True,2023-11-07,2023-11-08,"Airport shuttle, Non-smoking rooms, Room service, Free parking, Free WiFi, 24-hour front desk, Laundry, Daily housekeeping, Tea/coffee maker in all rooms, Breakfast"
Ginger East Delhi,"₹ 3,499",4.4,Review score,130,"East Delhi, New Delhi",Standard Double or Twin Room early check-in and late check-out subjected to availability,1 double bed,+₹ 420 taxes and charges,3,1 night, 2 adults,"₹ 3,499",False,True,2023-11-07,2023-11-08,"Non-smoking rooms, Restaurant, Fitness centre, Free parking, Facilities for disabled guests, Free WiFi, 24-hour front desk, Laundry, Tea/coffee maker in all rooms, Breakfast"
Hotel Saffron Gold,"₹ 2,209",7.5,Good,216,"Pashim Vihar, New Delhi",Double Room with Private Bathroom,1 double bed,+₹ 265 taxes and charges,3,1 night, 2 adults,"₹ 3,399",False,True,2023-11-07,2023-11-08,"Airport shuttle, Non-smoking rooms, Room service, Family rooms, Free parking, Facilities for disabled guests, Free WiFi, 24-hour front desk, Terrace, Very good breakfast"
FabHotel Exotica Greenpark,"₹ 6,666",7.6,Good,268,"South Delhi, New Delhi",Deluxe Double Room,1 double bed,+₹ 800 taxes and charges,3,1 night, 2 adults,"₹ 6,666",True,True,2023-11-07,2023-11-08,"Non-smoking rooms, Room service, Family rooms, Free parking, Free WiFi, 24-hour front desk, Laundry, Daily housekeeping, Air conditioning"
Lime Tree Two BHK Service Apartment Golf Course Road Gurgaon,"₹ 9,999",9.0,Superb,36,Gurgaon,Two-Bedroom Apartment,"3 beds (2 doubles, 1 sofa bed)","+₹ 1,800 taxes and charges",3,1 night, 2 adults,"₹ 9,999",True,True,2023-11-07,2023-11-08,"Non-smoking rooms, Family rooms, Free parking, Free WiFi, 24-hour front desk, Breakfast"
Hotel Aero Star Near Delhi Airport,"₹ 4,115",7.8,Good,469,"Mahipalpur, New Delhi",Deluxe Double or Twin Room,1 extra-large double bed,+₹ 494 taxes and charges,3,1 night, 2 adults,"₹ 4,115",False,True,2023-11-07,2023-11-08,"Airport shuttle, Non-smoking rooms, Room service, Restaurant, Family rooms, Free parking, Free WiFi, 24-hour front desk, Laundry, Good breakfast"
Courtyard by Marriott Gurugram Downtown,"₹ 18,909",7.9,Good,"1,315",Gurgaon,Deluxe Twin Room,2 single beds,"+₹ 3,404 taxes and charges",5,1 night, 2 adults,"₹ 18,909",False,True,2023-11-07,2023-11-08,"Outdoor swimming pool, Airport shuttle, Non-smoking rooms, Room service, Spa and wellness centre, Restaurant, Fitness centre, Tea/coffee maker in all rooms, Bar, Very good breakfast"
Hotel Fortuner Karol Bagh Just 1 km From New Delhi Railway Station,"₹ 3,143",6.9,Review score,183,"Karol bagh, New Delhi",Deluxe Double or Twin Room,1 bunk bed,+₹ 377 taxes and charges,4,1 night, 2 adults,"₹ 4,365",True,True,2023-11-07,2023-11-08,"Airport shuttle, Non-smoking rooms, Room service, Restaurant, Family rooms, Free parking, Free WiFi, 24-hour front desk, Tea/coffee maker in all rooms, Very good breakfast"
The Claridges New Delhi,"₹ 23,000",7.8,Good,"1,518","Central Delhi, New Delhi",Boutique Room,Multiple bed types,"+₹ 4,140 taxes and charges",5,1 night, 2 adults,"₹ 23,000",False,True,2023-11-07,2023-11-08,"Outdoor swimming pool, Airport shuttle (free), Non-smoking rooms, Room service, Spa and wellness centre, Restaurant, Fitness centre, Free parking, Bar, Good breakfast"
OYO Hotel The Miraj,"₹ 1,527",4.0,Review score,1,Sonīpat,Standard Double Room,1 large double bed,+₹ 215 taxes and charges,3,1 night, 2 adults,"₹ 2,350",False,True,2023-11-07,2023-11-08,
Hotel Shelton,"₹ 4,507",7.2,Good,324,"Paharganj, New Delhi",Semi Deluxe,Beds: 1 double or 2 singles,+₹ 541 taxes and charges,3,1 night, 2 adults,"₹ 4,507",False,False,2023-11-07,2023-11-08,"Airport shuttle, Non-smoking rooms, Room service, Family rooms, Free WiFi, 24-hour front desk, Terrace, Laundry, Daily housekeeping, Breakfast"
The Gold Inn - Paharganj,"₹ 1,899",7.4,Good,71,"Paharganj, New Delhi",Deluxe Room,"2 beds (1 single, 1 double)",+₹ 228 taxes and charges,3,1 night, 2 adults,"₹ 1,899",False,True,2023-11-07,2023-11-08,"Air conditioning, Very good breakfast"
Apra B & B At Delhi Airport,"₹ 1,039",9.8,Exceptional,25,"South West, New Delhi",Superior Double or Twin Room,"2 beds (1 single, 1 double)",+₹ 374 taxes and charges,3,1 night, 2 adults,"₹ 1,598",True,True,2023-11-07,2023-11-08,"Airport shuttle, Non-smoking rooms, Room service, Family rooms, Free parking, Free WiFi, 24-hour front desk, Terrace, Tea/coffee maker in all rooms, Exceptional breakfast"
The Grand Orion - Kailash Colony,"₹ 4,549",7.6,Good,67,"Kailash Colony, New Delhi",Deluxe Double or Twin Room with City View,Multiple bed types,+₹ 546 taxes and charges,3,1 night, 2 adults,"₹ 6,999",False,True,2023-11-07,2023-11-08,"Non-smoking rooms, Room service, Restaurant, Free WiFi, 24-hour front desk, Laundry, Daily housekeeping, Air conditioning, Tea/coffee maker in all rooms, Breakfast"
Hotel Admire Inn,"₹ 4,799",7.5,Good,130,"New Friends Colony, New Delhi",Deluxe Double Room,1 extra-large double bed,+₹ 576 taxes and charges,4,1 night, 2 adults,"₹ 4,799",False,True,2023-11-07,2023-11-08,"Airport shuttle, Non-smoking rooms, Room service, Restaurant, Family rooms, Free parking, Free WiFi, 24-hour front desk, Terrace, Good breakfast"
OYO Hotel Shubkamna,"₹ 1,697",4.4,Review score,8,Meerut,Classic Triple Room,1 large double bed,+₹ 236 taxes and charges,3,1 night, 2 adults,"₹ 2,611",False,True,2023-11-07,2023-11-08,Room service
Hotel Stay Well Dx,"₹ 3,060",7.5,Good,502,"Paharganj, New Delhi",Deluxe Double Room,1 double bed,+₹ 367 taxes and charges,3,1 night, 2 adults,"₹ 3,060",False,True,2023-11-07,2023-11-08,"Airport shuttle, Non-smoking rooms, Room service, Family rooms, Free parking, Free WiFi, 24-hour front desk, Laundry, Daily housekeeping, Tea/coffee maker in all rooms"
Bloomrooms @ New Delhi Railway Station,"₹ 4,100",7.8,Good,732,"Paharganj, New Delhi",Value Twin Room,2 bunk beds,+₹ 492 taxes and charges,3,1 night, 2 adults,"₹ 4,100",False,True,2023-11-07,2023-11-08,"Non-smoking rooms, Restaurant, Free WiFi, 24-hour front desk, Laundry, Daily housekeeping, Air conditioning, Breakfast"
Bed and Chaï - Boutique stay & tours,"₹ 3,000",8.0,Very good,34,"Greater Kailash 1, New Delhi",Double Room with Private Bathroom,1 double bed,+₹ 360 taxes and charges,0,1 night, 2 adults,"₹ 3,000",False,True,2023-11-07,2023-11-08,"Airport shuttle, Non-smoking rooms, Room service, Restaurant, Family rooms, Free parking, Free WiFi, Terrace, Laundry, Breakfast"
Flagship Vj Hotel,"₹ 1,561",1.0,Review score,2,Rewāri,Classic Triple Room,1 large double bed,+₹ 219 taxes and charges,3,1 night, 2 adults,"₹ 2,402",False,True,2023-11-07,2023-11-08,Room service
Westend Inn,"₹ 3,500",5.6,Review score,85,"South West, New Delhi",Standard Double or Twin Room,"3 beds (2 singles, 1 large double)",+₹ 420 taxes and charges,4,1 night, 2 adults,"₹ 3,500",False,True,2023-11-07,2023-11-08,"Non-smoking rooms, Room service, Restaurant, Family rooms, Free parking, Facilities for disabled guests, Free WiFi, 24-hour front desk, Terrace, Breakfast"
The Park New Delhi,"₹ 11,999",5.5,Review score,"3,279","Connaught Place, New Delhi",Luxury Room with breakfast,1 large double bed,"+₹ 2,160 taxes and charges",5,1 night, 2 adults,"₹ 11,999",True,True,2023-11-07,2023-11-08,"Outdoor swimming pool, Airport shuttle, Non-smoking rooms, Room service, Spa and wellness centre, Restaurant, Family rooms, Fitness centre, Bar, Breakfast"
Bloom Boutique l GK-1,"₹ 6,000",8.1,Very good,284,"Greater Kailash 1, New Delhi",Deluxe King Room,1 extra-large double bed,+₹ 720 taxes and charges,3,1 night, 2 adults,"₹ 6,000",False,True,2023-11-07,2023-11-08,"Airport shuttle (free), Non-smoking rooms, Room service, Restaurant, Free parking, Free WiFi, 24-hour front desk, Laundry, Daily housekeeping, Breakfast"
The Lodhi – A member of The Leading Hotels Of The World,"₹ 24,300",8.4,Very good,559,New Delhi,Lodhi Standard Room Without Plunge Pool with complimentary spa credit worth INR 1200,1 extra-large double bed,"+₹ 4,374 taxes and charges",5,1 night, 2 adults,"₹ 27,000",False,True,2023-11-07,2023-11-08,"Outdoor swimming pool, Airport shuttle, Non-smoking rooms, Room service, Spa and wellness centre, Restaurant, Family rooms, Fitness centre, Bar, Good breakfast"
OPULENT HOTEL BY FERNS N PETALS,"₹ 9,784",7.2,Good,50,"South Delhi, New Delhi",Superior Double Room,1 extra-large double bed,"+₹ 1,761 taxes and charges",4,1 night, 2 adults,"₹ 9,784",False,True,2023-11-07,2023-11-08,"Non-smoking rooms, Room service, Restaurant, Family rooms, Free parking, Free WiFi, 24-hour front desk, Terrace, Tea/coffee maker in all rooms, Breakfast"
JRD Pride,"₹ 7,341",6.9,Review score,233,"South Delhi, New Delhi",Superior Double or Twin Room with complimentary Hi Tea from 04pm till 06pm,1 double bed,+₹ 881 taxes and charges,4,1 night, 2 adults,"₹ 7,341",False,True,2023-11-07,2023-11-08,"Airport shuttle, Non-smoking rooms, Room service, Restaurant, Family rooms, Fitness centre, Free parking, Facilities for disabled guests, Free WiFi, Breakfast"
The Gold Regency - 02 Mins from New Delhi Railway Station,"₹ 3,210",7.2,Good,243,"Paharganj, New Delhi",Deluxe Room,1 extra-large double bed,+₹ 385 taxes and charges,3,1 night, 2 adults,"₹ 5,350",False,True,2023-11-07,2023-11-08,"Airport shuttle (free), Non-smoking rooms, Room service, Restaurant, Family rooms, Fitness centre, Free WiFi, 24-hour front desk, Bar, Breakfast"
Hotel Golden Oasis - A Well Hygiene Property,"₹ 1,299",6.7,Review score,139,"Paharganj, New Delhi",Deluxe Room,1 double bed,+₹ 156 taxes and charges,3,1 night, 2 adults,"₹ 1,299",False,True,2023-11-07,2023-11-08,"Airport shuttle, Room service, Family rooms, Private parking, Facilities for disabled guests, Free WiFi, 24-hour front desk, Laundry, Daily housekeeping, Good breakfast"
BK Studio,"₹ 2,475",7.9,Good,106,"Sector 40 - 44, Gurgaon",Deluxe Double Room with Shower,1 double bed,+₹ 297 taxes and charges,3,1 night, 2 adults,"₹ 4,500",False,True,2023-11-07,2023-11-08,"Non-smoking rooms, Room service, Free parking, Free WiFi, 24-hour front desk"
Hotel Earth,"₹ 1,100",7.0,Good,"1,006","Mahipalpur, New Delhi",Deluxe Double Room,1 double bed,+₹ 132 taxes and charges,3,1 night, 2 adults,"₹ 1,100",False,True,2023-11-07,2023-11-08,"Airport shuttle, Non-smoking rooms, Room service, Family rooms, Free parking, 24-hour front desk, Laundry, Daily housekeeping, Air conditioning"
Hotel Baba Deluxe -By RCG Hotels,"₹ 4,500",7.9,Good,824,"Paharganj, New Delhi",Superior King Room,1 double bed,+₹ 540 taxes and charges,3,1 night, 2 adults,"₹ 4,500",False,True,2023-11-07,2023-11-08,"Airport shuttle, Non-smoking rooms, Room service, Family rooms, Free parking, Facilities for disabled guests, Free WiFi, 24-hour front desk, Terrace, Fabulous breakfast"
FabHotel The Chaitanyas,"₹ 3,823",5.7,Review score,31,"Rohini, New Delhi",Deluxe Room,1 large double bed,+₹ 459 taxes and charges,3,1 night, 2 adults,"₹ 3,823",False,True,2023-11-07,2023-11-08,"Room service, Free WiFi, 24-hour front desk, Air conditioning"
Hotel Sky Rich International - 05 Mins from Karol Bagh Metro Station,"₹ 3,239",7.5,Good,313,"Karol bagh, New Delhi",Deluxe Room,Multiple bed types,+₹ 389 taxes and charges,4,1 night, 2 adults,"₹ 5,399",False,True,2023-11-07,2023-11-08,"Airport shuttle, Non-smoking rooms, Room service, Family rooms, Free parking, Facilities for disabled guests, Free WiFi, 24-hour front desk, Tea/coffee maker in all rooms, Good breakfast"
Blu Lagoon Inn - Select Citywalk Mall,"₹ 2,200",8.3,Very good,77,"Malviya Nagar, New Delhi",Deluxe Double Room (2 Adults + 1 Child),1 double bed,+₹ 264 taxes and charges,3,1 night, 2 adults,"₹ 2,200",False,True,2023-11-07,2023-11-08,"Non-smoking rooms, Room service, Family rooms, Free parking, Free WiFi, 24-hour front desk, Terrace, Laundry, Daily housekeeping, Exceptional breakfast"
Hotel Airlift INN at Delhi Airport,"₹ 4,499",8.1,Very good,377,"Mahipalpur, New Delhi",Small Double Room,1 large double bed,+₹ 540 taxes and charges,3,1 night, 2 adults,"₹ 4,499",False,True,2023-11-07,2023-11-08,"Airport shuttle, Non-smoking rooms, Room service, Restaurant, Family rooms, Free parking, Free WiFi, 24-hour front desk, Laundry, Fabulous breakfast"
Caspia Hotel New Delhi,"₹ 4,800",5.5,Review score,130,New Delhi,Superior Queen Room,"2 beds (1 sofa bed, 1 large double)",+₹ 576 taxes and charges,3,1 night, 2 adults,"₹ 4,800",False,True,2023-11-07,2023-11-08,"Airport shuttle, Non-smoking rooms, Room service, Restaurant, Family rooms, Fitness centre, Free parking, Facilities for disabled guests, Tea/coffee maker in all rooms, Breakfast"
Lime Tree 2 Bhk serviced Apartment Near Fortis Gurgaon,"₹ 8,499",8.3,Very good,64,Gurgaon,Two-Bedroom Apartment,2 extra-large double beds,"+₹ 1,530 taxes and charges",0,1 night, 2 adults,"₹ 8,499",False,True,2023-11-07,2023-11-08,"Airport shuttle, Room service, Family rooms, Free parking, Facilities for disabled guests, Free WiFi, 24-hour front desk"
"Holiday Inn Express Gurugram Sector 50, an IHG Hotel","₹ 4,334",6.3,Review score,"1,663",Gurgaon,"Superior Queen Room with 15% discount on F&B, and Free Laundromat- Non-Smoking",1 double bed,+₹ 520 taxes and charges,4,1 night, 2 adults,"₹ 4,334",True,False,2023-11-07,2023-11-08,"Airport shuttle, Non-smoking rooms, Room service, Restaurant, Fitness centre, Free parking, Facilities for disabled guests, Free WiFi, Tea/coffee maker in all rooms, Good breakfast"
Smyle Inn - 3 minutes walk From New Delhi Railway Station,"₹ 1,416",7.8,Good,938,"Paharganj, New Delhi",Standard Double or Twin Room,Beds: 1 double or 2 singles,+₹ 170 taxes and charges,3,1 night, 2 adults,"₹ 1,416",True,True,2023-11-07,2023-11-08,"Airport shuttle, Non-smoking rooms, Room service, Family rooms, Free WiFi, 24-hour front desk, Terrace, Laundry, Daily housekeeping, Good breakfast"
Aashianaa Gracious Living,"₹ 3,358",8.6,Fabulous,108,"South Delhi, New Delhi",Superior Double Room with Balcony,1 double bed,+₹ 403 taxes and charges,0,1 night, 2 adults,"₹ 3,358",False,True,2023-11-07,2023-11-08,"Non-smoking rooms, Room service, Family rooms, Free parking, Free WiFi, Terrace, Laundry, Daily housekeeping, Air conditioning, Tea/coffee maker in all rooms"
OYO Hotel Crown Plaza,"₹ 1,984",NA,NA,NA,Bulandshahr,Classic Triple Room,1 large double bed,+₹ 270 taxes and charges,3,1 night, 2 adults,"₹ 3,052",False,True,2023-11-07,2023-11-08,Room service
Skylink Suites Bed & Breakfast,"₹ 2,899",7.2,Good,41,"South Delhi, New Delhi",Luxury Double Room,1 double bed,+₹ 348 taxes and charges,3,1 night, 2 adults,"₹ 2,899",True,True,2023-11-07,2023-11-08,"Airport shuttle (free), Non-smoking rooms, Room service, Family rooms, Free parking, Facilities for disabled guests, Free WiFi, 24-hour front desk, Terrace, Good breakfast"
"Staybook - Hotel City Stories - By Aira Xing, Paharganj, New Delhi","₹ 2,450",7.8,Good,311,"Paharganj, New Delhi",Family Studio,Entire studio • 1 bathroom • 30m²,+₹ 294 taxes and charges,4,1 night, 2 adults,"₹ 2,450",False,True,2023-11-07,2023-11-08,"Airport shuttle, Non-smoking rooms, Room service, Family rooms, Fitness centre, Free parking, Facilities for disabled guests, Free WiFi, 24-hour front desk, Exceptional breakfast"
Hotel Tashkent Palace - New Delhi Railway Station - Paharganj,"₹ 1,150",7.1,Good,628,"Paharganj, New Delhi",Budget Double Room,1 double bed,+₹ 138 taxes and charges,3,1 night, 2 adults,"₹ 2,300",False,True,2023-11-07,2023-11-08,"Airport shuttle, Room service, Family rooms, Free WiFi, 24-hour front desk, Laundry, Air conditioning, Breakfast"
"Leaf 9, Cyber City","₹ 2,400",8.9,Fabulous,60,"DLF Cyber City, Gurgaon",Deluxe Double Room (2 Adults + 1 Child),1 double bed,+₹ 288 taxes and charges,3,1 night, 2 adults,"₹ 4,000",False,True,2023-11-07,2023-11-08,"Airport shuttle, Non-smoking rooms, Room service, Restaurant, Free parking, Free WiFi, 24-hour front desk, Breakfast"
FabExpress Le Continental,"₹ 3,254",7.8,Good,199,"Paharganj, New Delhi",Deluxe Room,1 double bed,+₹ 390 taxes and charges,3,1 night, 2 adults,"₹ 3,254",False,True,2023-11-07,2023-11-08,"Non-smoking rooms, Room service, Family rooms, Free parking, Facilities for disabled guests, Free WiFi, 24-hour front desk, Laundry, Daily housekeeping, Air conditioning"
"The Westin Gurgaon, New Delhi","₹ 21,000",7.8,Good,942,"City Center - Sector 29, Gurgaon",Deluxe King Room City View,1 extra-large double bed,"+₹ 3,780 taxes and charges",5,1 night, 2 adults,"₹ 21,000",False,True,2023-11-07,2023-11-08,"2 swimming pools, Airport shuttle, Non-smoking rooms, Room service, Spa and wellness centre, Restaurant, Fitness centre, Free parking, Bar, Very good breakfast"
Hotel Royal inn,"₹ 1,170",2.7,Review score,3,Badarpur,Deluxe Double Room (2 Adults + 1 Child),1 double bed,+₹ 140 taxes and charges,3,1 night, 2 adults,"₹ 1,170",False,True,2023-11-07,2023-11-08,"Room service, Family rooms, Free parking"
"Sarovar Portico Naraina, Hotel","₹ 8,000",6.6,Review score,77,"West Delhi, New Delhi",Superior Double Bed Rooms,NA,"+₹ 1,440 taxes and charges",3,1 night, 2 adults,"₹ 8,000",False,True,2023-11-07,2023-11-08,"Airport shuttle, Non-smoking rooms, Room service, Free parking, Facilities for disabled guests, Free WiFi, 24-hour front desk, Laundry, Daily housekeeping, Breakfast"
GURU KRIPA GARDEN,"₹ 1,440",6.7,Review score,34,Govardhan,Family Room,1 double bed,+₹ 173 taxes and charges,0,1 night, 2 adults,"₹ 1,440",False,False,2023-11-07,2023-11-08,"Non-smoking rooms, Room service, Family rooms, Free parking, Free WiFi"
FabHotel F9 Chhatarpur,"₹ 2,762",7.9,Good,8,"Chattarpur, New Delhi",Deluxe Room,1 double bed,+₹ 331 taxes and charges,3,1 night, 2 adults,"₹ 2,762",False,True,2023-11-07,2023-11-08,"Non-smoking rooms, Room service, Family rooms, Free WiFi, 24-hour front desk, Air conditioning, Breakfast"
Hotel Jagannath - Chittaranjan Park,"₹ 1,100",7.3,Good,17,"South Delhi, New Delhi",Deluxe Double Room (2 Adults + 1 Child),1 large double bed,+₹ 132 taxes and charges,3,1 night, 2 adults,"₹ 1,100",False,True,2023-11-07,2023-11-08,"Non-smoking rooms, Room service, Family rooms, Free parking, Free WiFi, 24-hour front desk, Terrace, Garden, Air conditioning"
Bloom Boutique l Signature Towers,"₹ 5,000",7.8,Good,400,"Sector 40 - 44, Gurgaon",Deluxe King Room,1 double bed,+₹ 600 taxes and charges,4,1 night, 2 adults,"₹ 5,000",False,True,2023-11-07,2023-11-08,"Airport shuttle, Non-smoking rooms, Room service, Restaurant, Fitness centre, Free WiFi, 24-hour front desk, Breakfast"
Indus Biznotel,"₹ 5,000",7.8,Good,95,"Greater Kailash 1, New Delhi",Executive Double or Twin Room,Beds: 1 double or 2 singles,+₹ 600 taxes and charges,4,1 night, 2 adults,"₹ 5,000",False,True,2023-11-07,2023-11-08,"Non-smoking rooms, Room service, Restaurant, Family rooms, Free parking, Free WiFi, 24-hour front desk, Terrace, Tea/coffee maker in all rooms, Breakfast"
Hotel city lite Near IGI Airport,₹ 658,7.3,Good,534,"South West, New Delhi",Deluxe Room,1 extra-large double bed,+₹ 158 taxes and charges,3,1 night, 2 adults,"₹ 1,645",True,True,2023-11-07,2023-11-08,"Airport shuttle, Room service, Family rooms, Fitness centre, Free parking, Free WiFi, 24-hour front desk, Laundry, Daily housekeeping, Very good breakfast"
Zaza Stay,"₹ 5,000",9.0,Superb,132,"South Delhi, New Delhi",Deluxe Double or Twin Room with Garden View,1 extra-large double bed,+₹ 600 taxes and charges,0,1 night, 2 adults,"₹ 5,000",False,True,2023-11-07,2023-11-08,"Airport shuttle, Non-smoking rooms, Room service, Free parking, Free WiFi, Terrace, Garden, Laundry, Daily housekeeping, Air conditioning"
FabHotel Kiara,"₹ 2,863",8.4,Very good,306,Gurgaon,Deluxe Room,1 double bed,+₹ 344 taxes and charges,3,1 night, 2 adults,"₹ 2,863",False,True,2023-11-07,2023-11-08,"Room service, Free parking, Free WiFi, 24-hour front desk"
Mahagun Sarovar Portico Suites,"₹ 6,659",6.2,Review score,440,Ghaziabad,Studio - 2 Single Beds,NA,+₹ 799 taxes and charges,4,1 night, 2 adults,"₹ 6,659",True,True,2023-11-07,2023-11-08,"Outdoor swimming pool, Airport shuttle, Non-smoking rooms, Room service, Spa and wellness centre, Restaurant, Family rooms, Tea/coffee maker in all rooms, Bar, Breakfast"
The C Park Inn Karol Bagh Homely Atmosphere,"₹ 2,200",6.9,Review score,91,"Karol bagh, New Delhi",Deluxe Double Room,Beds: 1 double or 2 singles,+₹ 264 taxes and charges,3,1 night, 2 adults,"₹ 4,000",False,True,2023-11-07,2023-11-08,"Non-smoking rooms, Room service, Facilities for disabled guests, Free WiFi, 24-hour front desk, Terrace, Laundry, Daily housekeeping, Air conditioning, Breakfast"
The Muse Sarovar Portico Kapashera,"₹ 8,100",6.4,Review score,217,"South West, New Delhi",Superior Room 1 Dbl Bed,1 double bed,"+₹ 1,458 taxes and charges",4,1 night, 2 adults,"₹ 8,100",False,True,2023-11-07,2023-11-08,NA
Hotel The Royal Plaza,"₹ 8,200",4.7,Review score,"1,044","Central Delhi, New Delhi","Standard Double Room - Wifi, 20% Discount on Food & Soft Beverages, Spa & Saloon services",1 extra-large double bed,"+₹ 1,476 taxes and charges",4,1 night, 2 adults,"₹ 8,200",False,False,2023-11-07,2023-11-08,NA
Hotel Shanti Plaza-By Haveliya Hotels,"₹ 2,193",7.2,Good,655,"Paharganj, New Delhi",Executive Double or Twin Room,Beds: 1 double or 2 singles,+₹ 263 taxes and charges,4,1 night, 2 adults,"₹ 2,580",False,True,2023-11-07,2023-11-08,NA
Hotel JRD Exotica,"₹ 5,500",6.0,Review score,69,"Safdarjung Enclave, New Delhi",Superior Twin Room with complimentary Hi Tea from 04pm till 06pm,2 single beds,+₹ 660 taxes and charges,3,1 night, 2 adults,"₹ 5,500",False,True,2023-11-07,2023-11-08,NA
